"","TOWN","TOWNNO","TRACT","MEDV","CMEDV","CRIM","ZN","INDUS","CHAS","NOX","RM","AGE","DIS","RAD","TAX","PTRATIO","B","LSTAT","geometry","x","y"
"1","Nahant",0,2011,24,24,0.00632,18,2.31,"0",0.538,6.575,65.2,4.09,1,296,15.3,396.9,4.98,c(244971.061380067;889536.315783803),244971.061380067,889536.315783803
"2","Swampscott",1,2021,21.6,21.6,0.02731,0,7.07,"0",0.469,6.421,78.9,4.9671,2,242,17.8,396.9,9.14,c(245360.357101728;893148.816799224),245360.357101728,893148.816799224
"3","Swampscott",1,2022,34.7,34.7,0.02729,0,7.07,"0",0.469,7.185,61.1,4.9671,2,242,17.8,392.83,4.03,c(246518.272789658;892656.530132131),246518.272789658,892656.530132131
"4","Marblehead",2,2031,33.4,33.4,0.03237,0,2.18,"0",0.458,6.998,45.8,6.0622,3,222,18.7,394.63,2.94,c(247170.647921784;893771.649797577),247170.647921784,893771.649797577
"5","Marblehead",2,2032,36.2,36.2,0.06905,0,2.18,"0",0.458,7.147,54.2,6.0622,3,222,18.7,396.9,5.33,c(247661.673970655;894330.348781012),247661.673970655,894330.348781012
"6","Marblehead",2,2033,28.7,28.7,0.02985,0,2.18,"0",0.458,6.43,58.7,6.0622,3,222,18.7,394.12,5.21,c(248110.635883444;894999.87328068),248110.635883444,894999.87328068
"7","Salem",3,2041,22.9,22.9,0.08829,12.5,7.87,"0",0.524,6.012,66.6,5.5605,5,311,15.2,395.6,12.43,c(246507.990448665;894211.547750221),246507.990448665,894211.547750221
"8","Salem",3,2042,27.1,22.1,0.14455,12.5,7.87,"0",0.524,6.172,96.1,5.9505,5,311,15.2,396.9,19.15,c(246374.778258847;895654.680035779),246374.778258847,895654.680035779
"9","Salem",3,2043,16.5,16.5,0.21124,12.5,7.87,"0",0.524,5.631,100,6.0821,5,311,15.2,386.63,29.93,c(246744.294316541;895879.282716615),246744.294316541,895879.282716615
"10","Salem",3,2044,18.9,18.9,0.17004,12.5,7.87,"0",0.524,6.004,85.9,6.5921,5,311,15.2,386.71,17.1,c(247071.08086441;896325.775245113),247071.08086441,896325.775245113
"11","Salem",3,2045,15,15,0.22489,12.5,7.87,"0",0.524,6.377,94.3,6.3467,5,311,15.2,392.52,20.45,c(246576.470824932;896322.481507968),246576.470824932,896322.481507968
"12","Salem",3,2046,18.9,18.9,0.11747,12.5,7.87,"0",0.524,6.009,82.9,6.2267,5,311,15.2,396.9,13.27,c(245833.831295093;896428.679500197),245833.831295093,896428.679500197
"13","Salem",3,2047,21.7,21.7,0.09378,12.5,7.87,"0",0.524,5.889,39,5.4509,5,311,15.2,390.5,15.71,c(245264.658829181;895203.135372651),245264.658829181,895203.135372651
"14","Lynn",4,2051,20.4,20.4,0.62976,0,8.14,"0",0.538,5.949,61.8,4.7075,4,307,21,396.9,8.26,c(244161.371035836;893641.035496488),244161.371035836,893641.035496488
"15","Lynn",4,2052,18.2,18.2,0.63796,0,8.14,"0",0.538,6.096,84.5,4.4619,4,307,21,380.02,10.26,c(243546.310262453;893081.814741696),243546.310262453,893081.814741696
"16","Lynn",4,2053,19.9,19.9,0.62739,0,8.14,"0",0.538,5.834,56.5,4.4986,4,307,21,395.62,8.47,c(243170.40962039;893857.038379136),243170.40962039,893857.038379136
"17","Lynn",4,2054,23.1,23.1,1.05393,0,8.14,"0",0.538,5.935,29.3,4.4986,4,307,21,386.85,6.58,c(242301.53184029;894351.60697749),242301.53184029,894351.60697749
"18","Lynn",4,2055,17.5,17.5,0.7842,0,8.14,"0",0.538,5.99,81.7,4.2579,4,307,21,386.75,14.67,c(243052.831560503;892856.623065691),243052.831560503,892856.623065691
"19","Lynn",4,2056,20.2,20.2,0.80271,0,8.14,"0",0.538,5.456,36.6,3.7965,4,307,21,288.99,11.69,c(241858.586080221;892571.723373218),241858.586080221,892571.723373218
"20","Lynn",4,2057,18.2,18.2,0.7258,0,8.14,"0",0.538,5.727,69.5,3.7965,4,307,21,390.95,11.28,c(242233.008529525;892029.684344466),242233.008529525,892029.684344466
"21","Lynn",4,2058,13.6,13.6,1.25179,0,8.14,"0",0.538,5.57,98.1,3.7979,4,307,21,376.57,21.02,c(242604.596121826;891965.278563872),242604.596121826,891965.278563872
"22","Lynn",4,2059,19.6,19.6,0.85204,0,8.14,"0",0.538,5.965,89.2,4.0123,4,307,21,392.53,13.83,c(242725.627078905;892410.320175377),242725.627078905,892410.320175377
"23","Lynn",4,2060,15.2,15.2,1.23247,0,8.14,"0",0.538,6.142,91.7,3.9769,4,307,21,396.9,18.72,c(243098.151851397;892190.438445026),243098.151851397,892190.438445026
"24","Lynn",4,2061,14.5,14.5,0.98843,0,8.14,"0",0.538,5.813,100,4.0952,4,307,21,394.54,19.88,c(243469.327403629;892192.721984612),243469.327403629,892192.721984612
"25","Lynn",4,2062,15.6,15.6,0.75026,0,8.14,"0",0.538,5.924,94.1,4.3996,4,307,21,394.33,16.3,c(243772.719271152;892483.403378274),243772.719271152,892483.403378274
"26","Lynn",4,2063,13.9,13.9,0.84054,0,8.14,"0",0.538,5.599,85.7,4.4546,4,307,21,303.42,16.51,c(244208.18819396;892752.711471826),244208.18819396,892752.711471826
"27","Lynn",4,2064,16.6,16.6,0.67191,0,8.14,"0",0.538,5.813,90.3,4.682,4,307,21,376.88,14.81,c(244560.727940264;893088.167421613),244560.727940264,893088.167421613
"28","Lynn",4,2065,14.8,14.8,0.95577,0,8.14,"0",0.538,6.047,88.8,4.4534,4,307,21,306.38,17.28,c(244563.894095061;892588.339960534),244563.894095061,892588.339960534
"29","Lynn",4,2066,18.4,18.4,0.77299,0,8.14,"0",0.538,6.495,94.4,4.4547,4,307,21,387.94,12.8,c(244788.354608288;892312.072458945),244788.354608288,892312.072458945
"30","Lynn",4,2067,21,21,1.00245,0,8.14,"0",0.538,6.674,87.3,4.239,4,307,21,380.23,11.98,c(245284.676594046;892093.095285606),245284.676594046,892093.095285606
"31","Lynn",4,2068,12.7,12.7,1.13081,0,8.14,"0",0.538,5.713,94.1,4.233,4,307,21,360.17,22.6,c(243964.227951551;892195.79716537),243964.227951551,892195.79716537
"32","Lynn",4,2069,14.5,14.5,1.35472,0,8.14,"0",0.538,6.072,100,4.175,4,307,21,376.73,13.04,c(244213.423117847;891919.666187248),244213.423117847,891919.666187248
"33","Lynn",4,2070,13.2,13.2,1.38799,0,8.14,"0",0.538,5.95,82,3.99,4,307,21,232.6,27.71,c(243553.529772997;891915.550311391),243553.529772997,891915.550311391
"34","Lynn",4,2071,13.1,13.1,1.15172,0,8.14,"0",0.538,5.701,95,3.7872,4,307,21,358.77,18.35,c(242935.21831671;891856.211517701),242935.21831671,891856.211517701
"35","Lynn",4,2072,13.5,13.5,1.61282,0,8.14,"0",0.538,6.096,96.9,3.7598,4,307,21,248.31,20.34,c(243102.914717649;891412.929482193),243102.914717649,891412.929482193
"36","Sargus",5,2081,18.9,18.9,0.06417,0,5.96,"0",0.499,5.933,68.2,3.3603,5,279,19.2,396.9,9.68,c(241248.132299302;891179.658717136),241248.132299302,891179.658717136
"37","Sargus",5,2082,20,20,0.09744,0,5.96,"0",0.499,5.841,61.4,3.3779,5,279,19.2,377.56,11.41,c(240585.286448224;891675.648894872),240585.286448224,891675.648894872
"38","Sargus",5,2083,21,21,0.08014,0,5.96,"0",0.499,5.85,41.5,3.9342,5,279,19.2,396.9,8.77,c(240907.493602062;893010.436203818),240907.493602062,893010.436203818
"39","Sargus",5,2084,24.7,24.2,0.17505,0,5.96,"0",0.499,5.966,30.2,3.8473,5,279,19.2,393.43,10.13,c(239587.286129053;893113.959746926),239587.286129053,893113.959746926
"40","Lynnfield",6,2091,30.8,30.8,0.02763,75,2.95,"0",0.428,6.595,21.8,5.4011,3,252,18.3,395.63,4.32,c(240148.422788686;895949.60745324),240148.422788686,895949.60745324
"41","Lynnfield",6,2092,34.9,34.9,0.03359,75,2.95,"0",0.428,7.024,15.8,5.4011,3,252,18.3,395.62,1.98,c(238740.219705273;897163.560203645),238740.219705273,897163.560203645
"42","Peabody",7,2101,26.6,26.6,0.12744,0,6.91,"0",0.448,6.77,2.9,5.7209,3,233,17.9,385.41,4.84,c(240876.16717553;898397.51130688),240876.16717553,898397.51130688
"43","Peabody",7,2102,25.3,25.3,0.1415,0,6.91,"0",0.448,6.169,6.6,5.7209,3,233,17.9,383.37,5.81,c(240966.020791098;897120.63844251),240966.020791098,897120.63844251
"44","Peabody",7,2103,24.7,24.7,0.15936,0,6.91,"0",0.448,6.211,6.5,5.7209,3,233,17.9,394.46,7.44,c(243067.737389023;897155.414542296),243067.737389023,897155.414542296
"45","Peabody",7,2104,21.2,21.2,0.12269,0,6.91,"0",0.448,6.069,40,5.7209,3,233,17.9,389.39,9.55,c(243896.635731235;896416.318629814),243896.635731235,896416.318629814
"46","Peabody",7,2105,19.3,19.3,0.17142,0,6.91,"0",0.448,5.682,33.8,5.1004,3,233,17.9,396.9,10.21,c(243490.991820761;895358.559276668),243490.991820761,895358.559276668
"47","Peabody",7,2106,20,20,0.18836,0,6.91,"0",0.448,5.786,33.3,5.1004,3,233,17.9,396.9,14.15,c(244109.339102531;895362.410584827),244109.339102531,895362.410584827
"48","Peabody",7,2107,16.6,16.6,0.22927,0,6.91,"0",0.448,6.03,85.5,5.6894,3,233,17.9,392.74,18.8,c(244847.813331255;895922.47048272),244847.813331255,895922.47048272
"49","Peabody",7,2108,14.4,14.4,0.25387,0,6.91,"0",0.448,5.399,95.3,5.87,3,233,17.9,396.9,30.81,c(244927.414185143;896367.290387665),244927.414185143,896367.290387665
"50","Peabody",7,2109,19.4,19.4,0.21977,0,6.91,"0",0.448,5.602,62,6.0877,3,233,17.9,396.9,16.2,c(245130.43464272;896846.226197416),245130.43464272,896846.226197416
"51","Danvers",8,2111,19.7,19.7,0.08873,21,5.64,"0",0.439,5.963,45.7,6.8147,4,243,16.8,395.56,13.45,c(245244.640948281;898313.193487549),245244.640948281,898313.193487549
"52","Danvers",8,2112,20.5,20.5,0.04337,21,5.64,"0",0.439,6.115,63,6.8147,4,243,16.8,393.97,9.43,c(244252.763199203;898773.408477445),244252.763199203,898773.408477445
"53","Danvers",8,2113,25,25,0.0536,21,5.64,"0",0.439,6.511,21.1,6.8147,4,243,16.8,396.9,5.28,c(244659.289245423;899642.392512481),244659.289245423,899642.392512481
"54","Danvers",8,2114,23.4,23.4,0.04981,21,5.64,"0",0.439,5.998,21.4,6.8147,4,243,16.8,396.9,8.43,c(243013.745148674;899243.354052746),243013.745148674,899243.354052746
"55","Middleton",9,2121,18.9,18.9,0.0136,75,4,"0",0.41,5.888,47.6,7.3197,3,469,21.1,396.9,14.8,c(239740.688138198;902445.360988193),239740.688138198,902445.360988193
"56","Topsfield",10,2141,35.4,35.4,0.01311,90,1.22,"0",0.403,7.249,21.9,8.6966,5,226,17.9,395.93,4.81,c(244264.008274239;903527.659038728),244264.008274239,903527.659038728
"57","Hamilton",11,2151,24.7,24.7,0.02055,85,0.74,"0",0.41,6.383,35.7,9.1876,2,313,17.3,396.9,5.77,c(246945.593937513;902767.511560539),246945.593937513,902767.511560539
"58","Wenham",12,2161,31.6,31.6,0.01432,100,1.32,"0",0.411,6.816,40.5,8.3248,5,256,15.1,392.9,3.95,c(246988.63099537;902490.100362586),246988.63099537,902490.100362586
"59","Beverly",13,2171,23.3,23.3,0.15445,25,5.13,"0",0.453,6.145,29.2,7.8148,8,284,19.7,390.68,6.86,c(246266.012085051;899652.78598379),246266.012085051,899652.78598379
"60","Beverly",13,2172,19.6,19.6,0.10328,25,5.13,"0",0.453,5.927,47.2,6.932,8,284,19.7,396.9,9.22,c(246152.627627746;898096.93937471),246152.627627746,898096.93937471
"61","Beverly",13,2173,18.7,18.7,0.14932,25,5.13,"0",0.453,5.741,66.2,7.2254,8,284,19.7,395.11,13.15,c(246973.058166746;898657.766900231),246973.058166746,898657.766900231
"62","Beverly",13,2174,16,16,0.17171,25,5.13,"0",0.453,5.966,93.4,6.8185,8,284,19.7,378.08,14.44,c(246980.109757223;897602.567569404),246980.109757223,897602.567569404
"63","Beverly",13,2175,22.2,22.2,0.11027,25,5.13,"0",0.453,6.456,67.8,7.2255,8,284,19.7,396.9,6.73,c(247677.289643294;898107.114841067),247677.289643294,898107.114841067
"64","Beverly",13,2176,25,25,0.1265,25,5.13,"0",0.453,6.762,43.4,7.9809,8,284,19.7,395.58,9.5,c(248825.685427362;898892.549450346),248825.685427362,898892.549450346
"65","Manchester",14,2181,33,33,0.01951,17.5,1.38,"0",0.4161,7.104,59.5,9.2229,3,216,18.6,393.24,8.05,c(252734.909577338;899587.268796316),252734.909577338,899587.268796316
"66","North Reading",15,3301,23.5,23.5,0.03584,80,3.37,"0",0.398,6.29,17.8,6.6115,4,337,16.1,396.9,4.67,c(237491.398761502;899489.42205957),237491.398761502,899489.42205957
"67","North Reading",15,3302,19.4,19.4,0.04379,80,3.37,"0",0.398,5.787,31.1,6.6115,4,337,16.1,396.9,10.24,c(235509.638278754;900312.214264154),235509.638278754,900312.214264154
"68","Wilmington",16,3311,22,22,0.05789,12.5,6.07,"0",0.409,5.878,21.4,6.498,4,345,18.9,396.21,8.1,c(233788.186830717;898493.16055431),233788.186830717,898493.16055431
"69","Wilmington",16,3312,17.4,17.4,0.13554,12.5,6.07,"0",0.409,5.594,36.8,6.498,4,345,18.9,396.9,13.09,c(232302.87388595;898908.27199061),232302.87388595,898908.27199061
"70","Wilmington",16,3313,20.9,20.9,0.12816,12.5,6.07,"0",0.409,5.885,33,6.498,4,345,18.9,396.9,8.79,c(232062.245154038;897463.16559891),232062.245154038,897463.16559891
"71","Burlington",17,3321,24.2,24.2,0.08826,0,10.81,"0",0.413,6.417,6.6,5.2873,4,305,19.2,383.73,6.72,c(231243.457427977;896237.632806227),231243.457427977,896237.632806227
"72","Burlington",17,3322,21.7,21.7,0.15876,0,10.81,"0",0.413,5.961,17.5,5.2873,4,305,19.2,376.94,9.88,c(232199.200902576;894553.578674877),232199.200902576,894553.578674877
"73","Burlington",17,3323,22.8,22.8,0.09164,0,10.81,"0",0.413,6.065,7.8,5.2873,4,305,19.2,390.91,5.52,c(230506.833155767;895012.555385911),230506.833155767,895012.555385911
"74","Burlington",17,3324,23.4,23.4,0.19539,0,10.81,"0",0.413,6.245,6.2,5.2873,4,305,19.2,377.17,7.54,c(231090.367959601;893571.117787167),231090.367959601,893571.117787167
"75","Woburn",18,3331,24.1,24.1,0.07896,0,12.83,"0",0.437,6.273,6,4.2515,5,398,18.7,394.92,6.78,c(232122.730305123;893242.527662606),232122.730305123,893242.527662606
"76","Woburn",18,3332,21.4,21.4,0.09512,0,12.83,"0",0.437,6.286,45,4.5026,5,398,18.7,383.23,8.94,c(232989.458310963;893079.924511319),232989.458310963,893079.924511319
"77","Woburn",18,3333,20,20,0.10153,0,12.83,"0",0.437,6.279,74.5,4.0522,5,398,18.7,373.66,11.97,c(233816.324142945;892639.545575799),233816.324142945,892639.545575799
"78","Woburn",18,3334,20.8,20.8,0.08707,0,12.83,"0",0.437,6.14,45.8,4.0905,5,398,18.7,386.96,10.27,c(234967.705680575;893311.63274189),234967.705680575,893311.63274189
"79","Woburn",18,3335,21.2,21.2,0.05646,0,12.83,"0",0.437,6.232,53.7,5.0141,5,398,18.7,386.4,12.34,c(233768.952533481;893916.69637695),233768.952533481,893916.69637695
"80","Woburn",18,3336,20.3,20.3,0.08387,0,12.83,"0",0.437,5.874,36.6,4.5026,5,398,18.7,396.06,9.1,c(233722.39480222;895027.239189801),233722.39480222,895027.239189801
"81","Reading",19,3341,28,28,0.04113,25,4.86,"0",0.426,6.727,33.5,5.4007,4,281,19,396.9,5.29,c(235575.837621008;895369.601612874),235575.837621008,895369.601612874
"82","Reading",19,3342,23.9,23.9,0.04462,25,4.86,"0",0.426,6.619,70.4,5.4007,4,281,19,395.63,7.22,c(235530.685690215;896146.912503217),235530.685690215,896146.912503217
"83","Reading",19,3343,24.8,24.8,0.03659,25,4.86,"0",0.426,6.302,32.2,5.4007,4,281,19,396.9,6.72,c(235648.145934548;897369.356692057),235648.145934548,897369.356692057
"84","Reading",19,3344,22.9,22.9,0.03551,25,4.86,"0",0.426,6.167,46.7,5.4007,4,281,19,390.64,7.51,c(236477.559357309;896373.915252762),236477.559357309,896373.915252762
"85","Wakefield",20,3351,23.9,23.9,0.05059,0,4.49,"0",0.449,6.389,48,4.7794,3,247,18.5,396.9,9.62,c(237678.51159046;895325.01462473),237678.51159046,895325.01462473
"86","Wakefield",20,3352,26.6,26.6,0.05735,0,4.49,"0",0.449,6.63,56.1,4.4377,3,247,18.5,392.3,6.53,c(237105.779445548;894488.892030025),237105.779445548,894488.892030025
"87","Wakefield",20,3353,22.5,22.5,0.05188,0,4.49,"0",0.449,6.015,45.1,4.4272,3,247,18.5,395.99,12.86,c(238504.498882092;895051.795788143),238504.498882092,895051.795788143
"88","Wakefield",20,3354,22.2,22.2,0.07151,0,4.49,"0",0.449,6.121,56.8,3.7476,3,247,18.5,395.15,8.44,c(238019.704633356;893216.38950707),238019.704633356,893216.38950707
"89","Melrose",21,3361,23.6,23.6,0.0566,0,3.41,"0",0.489,7.007,86.3,3.4217,2,270,17.8,396.9,5.5,c(237777.598408111;892226.503553902),237777.598408111,892226.503553902
"90","Melrose",21,3362,28.7,28.7,0.05302,0,3.41,"0",0.489,7.079,63.1,3.4145,2,270,17.8,396.06,5.7,c(238396.887913344;892107.671962079),238396.887913344,892107.671962079
"91","Melrose",21,3363,22.6,22.6,0.04684,0,3.41,"0",0.489,6.417,66.1,3.0923,2,270,17.8,392.18,8.81,c(238772.046122479;891387.732317092),238772.046122479,891387.732317092
"92","Melrose",21,3364,22,22,0.03932,0,3.41,"0",0.489,6.405,73.9,3.0921,2,270,17.8,393.55,8.2,c(237741.182589577;891326.589334356),237741.182589577,891326.589334356
"93","Stoneham",22,3371,22.9,22.9,0.04203,28,15.04,"0",0.464,6.442,53.6,3.6659,4,270,18.2,395.01,8.16,c(236868.305465791;892599.339704734),236868.305465791,892599.339704734
"94","Stoneham",22,3372,25,25,0.02875,28,15.04,"0",0.464,6.211,28.9,3.6659,4,270,18.2,396.33,6.21,c(236118.582312408;894039.446025164),236118.582312408,894039.446025164
"95","Stoneham",22,3373,20.6,20.6,0.04294,28,15.04,"0",0.464,6.249,77.3,3.615,4,270,18.2,396.9,10.59,c(236166.665517025;892706.774102851),236166.665517025,892706.774102851
"96","Winchester",23,3381,28.4,28.4,0.12204,0,2.89,"0",0.445,6.625,57.8,3.4952,2,276,18,357.98,6.65,c(234974.331395912;891978.749571013),234974.331395912,891978.749571013
"97","Winchester",23,3382,21.4,21.4,0.11504,0,2.89,"0",0.445,6.163,69.6,3.4952,2,276,18,391.83,11.34,c(234231.957641506;891975.098423906),234231.957641506,891975.098423906
"98","Winchester",23,3383,38.7,38.7,0.12083,0,2.89,"0",0.445,8.069,76,3.4952,2,276,18,396.9,4.21,c(233905.224907085;891307.059946001),233905.224907085,891307.059946001
"99","Winchester",23,3384,43.8,43.8,0.08187,0,2.89,"0",0.445,7.82,36.9,3.4952,2,276,18,393.53,3.57,c(233147.851208953;890970.223548597),233147.851208953,890970.223548597
"100","Winchester",23,3385,33.2,33.2,0.0686,0,2.89,"0",0.445,7.416,62.5,3.4952,2,276,18,396.9,6.19,c(234649.583415421;890921.919999406),234649.583415421,890921.919999406
"101","Medford",24,3391,27.5,27.5,0.14866,0,8.56,"0",0.52,6.727,79.9,2.7778,5,384,20.9,394.76,9.42,c(235746.176733524;889427.880274433),235746.176733524,889427.880274433
"102","Medford",24,3392,26.5,26.5,0.11432,0,8.56,"0",0.52,6.781,71.3,2.8561,5,384,20.9,395.58,7.67,c(234579.634538488;888366.834282405),234579.634538488,888366.834282405
"103","Medford",24,3393,18.6,18.6,0.22876,0,8.56,"0",0.52,6.405,85.4,2.7147,5,384,20.9,70.8,10.63,c(234559.583989035;889088.726863321),234559.583989035,889088.726863321
"104","Medford",24,3394,19.3,19.3,0.21161,0,8.56,"0",0.52,6.137,87.4,2.7147,5,384,20.9,394.47,13.44,c(234907.544340604;888812.754911787),234907.544340604,888812.754911787
"105","Medford",24,3395,20.1,20.1,0.1396,0,8.56,"0",0.52,6.167,90,2.421,5,384,20.9,392.69,12.33,c(235568.289992422;888704.987091311),235568.289992422,888704.987091311
"106","Medford",24,3396,19.5,19.5,0.13262,0,8.56,"0",0.52,5.851,96.7,2.1069,5,384,20.9,394.05,16.47,c(235802.465056364;888095.25858755),235802.465056364,888095.25858755
"107","Medford",24,3397,19.5,19.5,0.1712,0,8.56,"0",0.52,5.836,91.9,2.211,5,384,20.9,395.67,18.66,c(236132.2488747;888163.588880867),236132.2488747,888163.588880867
"108","Medford",24,3398,20.4,20.4,0.13117,0,8.56,"0",0.52,6.127,85.2,2.1224,5,384,20.9,387.69,14.09,c(236699.741524921;888544.181748408),236699.741524921,888544.181748408
"109","Medford",24,3399,19.8,19.8,0.12802,0,8.56,"0",0.52,6.474,97.1,2.4329,5,384,20.9,395.24,12.27,c(236722.181448189;888988.601673429),236722.181448189,888988.601673429
"110","Medford",24,3400,19.4,19.4,0.26363,0,8.56,"0",0.52,6.229,91.2,2.5451,5,384,20.9,391.23,15.55,c(236307.570936577;889375.215982569),236307.570936577,889375.215982569
"111","Medford",24,3401,21.7,21.7,0.10793,0,8.56,"0",0.52,6.195,54.4,2.7778,5,384,20.9,393.49,13,c(236633.878598094;890098.900187919),236633.878598094,890098.900187919
"112","Malden",25,3411,22.8,22.8,0.10084,0,10.01,"0",0.547,6.715,81.6,2.6775,6,432,17.8,395.59,10.16,c(237334.90170638;890158.122261173),237334.90170638,890158.122261173
"113","Malden",25,3412,18.8,18.8,0.12329,0,10.01,"0",0.547,5.913,92.9,2.3534,6,432,17.8,394.95,16.21,c(237215.839153505;889268.884066275),237215.839153505,889268.884066275
"114","Malden",25,3413,18.7,18.7,0.22212,0,10.01,"0",0.547,6.092,95.4,2.548,6,432,17.8,396.9,17.09,c(237724.47206162;889826.971630532),237724.47206162,889826.971630532
"115","Malden",25,3414,18.5,18.5,0.14231,0,10.01,"0",0.547,6.254,84.2,2.2565,6,432,17.8,388.74,10.45,c(237992.584678343;889073.097351774),237992.584678343,889073.097351774
"116","Malden",25,3415,18.3,18.3,0.17134,0,10.01,"0",0.547,5.928,88.2,2.4631,6,432,17.8,344.91,15.76,c(238328.920602626;889441.471475344),238328.920602626,889441.471475344
"117","Malden",25,3416,21.2,21.2,0.13158,0,10.01,"0",0.547,6.176,72.5,2.7301,6,432,17.8,393.3,12.04,c(238283.856114414;890141.005320415),238283.856114414,890141.005320415
"118","Malden",25,3417,19.2,19.2,0.15098,0,10.01,"0",0.547,6.021,82.6,2.7474,6,432,17.8,394.51,10.3,c(238901.925396648;890277.686137584),238901.925396648,890277.686137584
"119","Malden",25,3418,20.4,20.4,0.13058,0,10.01,"0",0.547,5.872,73.1,2.4775,6,432,17.8,338.63,15.37,c(238904.38137723;889833.395099423),238904.38137723,889833.395099423
"120","Malden",25,3419,19.3,19.3,0.14476,0,10.01,"0",0.547,5.731,65.2,2.7592,6,432,17.8,391.5,13.61,c(239686.670698842;890115.453483787),239686.670698842,890115.453483787
"121","Everett",26,3421,22,22,0.06899,0,25.65,"0",0.581,5.87,69.7,2.2577,2,188,19.1,389.15,14.37,c(239256.936759736;888757.915236987),239256.936759736,888757.915236987
"122","Everett",26,3422,20.3,20.3,0.07165,0,25.65,"0",0.581,6.004,84.1,2.1974,2,188,19.1,377.67,14.27,c(238686.179968307;888999.122205946),238686.179968307,888999.122205946
"123","Everett",26,3423,20.5,20.5,0.09299,0,25.65,"0",0.581,5.961,92.9,2.0869,2,188,19.1,378.09,17.93,c(238151.901157897;888607.440504294),238151.901157897,888607.440504294
"124","Everett",26,3424,17.3,17.3,0.15038,0,25.65,"0",0.581,5.856,97,1.9444,2,188,19.1,370.31,25.41,c(238211.779226352;888219.000066386),238211.779226352,888219.000066386
"125","Everett",26,3425,18.8,18.8,0.09849,0,25.65,"0",0.581,5.879,95.8,2.0063,2,188,19.1,379.38,17.58,c(238722.548814045;888388.404866216),238722.548814045,888388.404866216
"126","Everett",26,3426,21.4,21.4,0.16902,0,25.65,"0",0.581,5.986,88.4,1.9929,2,188,19.1,385.02,14.81,c(239103.350037755;888179.465833495),239103.350037755,888179.465833495
"127","Everett",26,3427,15.7,15.7,0.38735,0,25.65,"0",0.581,5.613,95.6,1.7572,2,188,19.1,359.29,27.26,c(238519.571271295;887776.374640818),238519.571271295,887776.374640818
"128","Somerville",27,3501,16.2,16.2,0.25915,0,21.89,"0",0.624,5.693,96,1.7883,4,437,21.2,392.11,17.19,c(236895.954791621;887323.376080453),236895.954791621,887323.376080453
"129","Somerville",27,3502,18,18,0.32543,0,21.89,"0",0.624,6.431,98.8,1.8125,4,437,21.2,396.9,15.39,c(236483.539865878;887265.68913597),236483.539865878,887265.68913597
"130","Somerville",27,3503,14.3,14.3,0.88125,0,21.89,"0",0.624,5.637,94.7,1.9799,4,437,21.2,396.9,18.34,c(236003.778339274;887463.155082292),236003.778339274,887463.155082292
"131","Somerville",27,3504,19.2,19.2,0.34006,0,21.89,"0",0.624,6.458,98.9,2.1185,4,437,21.2,395.04,12.6,c(235556.834068576;887705.249493596),235556.834068576,887705.249493596
"132","Somerville",27,3505,19.6,19.6,1.19294,0,21.89,"0",0.624,6.326,97.7,2.271,4,437,21.2,396.9,12.26,c(235077.571437608;887813.920603779),235077.571437608,887813.920603779
"133","Somerville",27,3506,23,23,0.59005,0,21.89,"0",0.624,6.372,97.9,2.3274,4,437,21.2,385.76,11.12,c(235118.561780781;887869.662676133),235118.561780781,887869.662676133
"134","Somerville",27,3507,18.4,18.4,0.32982,0,21.89,"0",0.624,5.822,95.4,2.4699,4,437,21.2,388.69,15.03,c(234744.691122733;888367.647032275),234744.691122733,888367.647032275
"135","Somerville",27,3508,15.6,15.6,0.97617,0,21.89,"0",0.624,5.757,98.4,2.346,4,437,21.2,262.76,17.31,c(234994.760586865;887869.046176156),234994.760586865,887869.046176156
"136","Somerville",27,3509,18.1,18.1,0.55778,0,21.89,"0",0.624,6.335,98.2,2.1107,4,437,21.2,394.67,16.96,c(235079.674510752;887391.844661628),235079.674510752,887391.844661628
"137","Somerville",27,3510,17.4,17.4,0.32264,0,21.89,"0",0.624,5.942,93.5,1.9669,4,437,21.2,378.25,16.9,c(235683.734346881;887094.97696108),235683.734346881,887094.97696108
"138","Somerville",27,3511,17.1,17.1,0.35233,0,21.89,"0",0.624,6.454,98.4,1.8498,4,437,21.2,394.08,14.59,c(236072.256436206;886985.881470418),236072.256436206,886985.881470418
"139","Somerville",27,3512,13.3,13.3,0.2498,0,21.89,"0",0.624,5.857,98.2,1.6686,4,437,21.2,392.04,21.32,c(236157.652761036;886430.943040081),236157.652761036,886430.943040081
"140","Somerville",27,3513,17.8,17.8,0.54452,0,21.89,"0",0.624,6.151,97.9,1.6687,4,437,21.2,396.9,18.46,c(236585.475008952;886710.841205106),236585.475008952,886710.841205106
"141","Somerville",27,3514,14,14,0.2909,0,21.89,"0",0.624,6.174,93.6,1.6119,4,437,21.2,388.08,24.16,c(236997.513122911;886846.284689287),236997.513122911,886846.284689287
"142","Somerville",27,3515,14.4,14.4,1.62864,0,21.89,"0",0.624,5.019,100,1.4394,4,437,21.2,396.9,34.41,c(236793.875653874;886323.163570586),236793.875653874,886323.163570586
"143","Cambridge",28,3521,13.4,13.4,3.32105,0,19.58,"1",0.871,5.403,100,1.3216,5,403,14.7,396.9,26.82,c(237316.485742169;885848.290125471),237316.485742169,885848.290125471
"144","Cambridge",28,3522,15.6,15.6,4.0974,0,19.58,"0",0.871,5.468,100,1.4118,5,403,14.7,396.9,26.42,c(236994.043374152;885935.448976649),236994.043374152,885935.448976649
"145","Cambridge",28,3523,11.8,11.8,2.77974,0,19.58,"0",0.871,4.903,97.8,1.3459,5,403,14.7,396.9,29.29,c(237069.806222426;885658.159405092),237069.806222426,885658.159405092
"146","Cambridge",28,3524,13.8,13.8,2.37934,0,19.58,"0",0.871,6.13,100,1.4191,5,403,14.7,172.91,27.8,c(236822.997217231;885490.251801317),236822.997217231,885490.251801317
"147","Cambridge",28,3525,15.6,15.6,2.15505,0,19.58,"0",0.871,5.628,100,1.5166,5,403,14.7,169.27,16.65,c(236409.038499069;885710.249642131),236409.038499069,885710.249642131
"148","Cambridge",28,3526,14.6,14.6,2.36862,0,19.58,"0",0.871,4.926,95.7,1.4608,5,403,14.7,391.71,29.53,c(236697.301918822;885845.036143422),236697.301918822,885845.036143422
"149","Cambridge",28,3527,17.8,17.8,2.33099,0,19.58,"0",0.871,5.186,93.8,1.5296,5,403,14.7,356.99,28.32,c(236597.193396457;886044.450497786),236597.193396457,886044.450497786
"150","Cambridge",28,3528,15.4,15.4,2.73397,0,19.58,"0",0.871,5.597,94.9,1.5257,5,403,14.7,351.85,21.45,c(236490.44678689;885932.82133111),236490.44678689,885932.82133111
"151","Cambridge",28,3529,21.5,21.5,1.6566,0,19.58,"0",0.871,6.122,97.3,1.618,5,403,14.7,372.8,14.1,c(236159.877194663;885997.761172991),236159.877194663,885997.761172991
"152","Cambridge",28,3530,19.6,19.6,1.49632,0,19.58,"0",0.871,5.404,100,1.5916,5,403,14.7,341.6,13.28,c(236145.133311302;885653.352572572),236145.133311302,885653.352572572
"153","Cambridge",28,3531,15.3,15.3,1.12658,0,19.58,"1",0.871,5.012,88,1.6102,5,403,14.7,343.28,12.12,c(236411.335593094;885265.961156479),236411.335593094,885265.961156479
"154","Cambridge",28,3532,19.4,19.4,2.14918,0,19.58,"0",0.871,5.709,98.5,1.6232,5,403,14.7,261.95,15.79,c(235958.364158694;885041.483749653),235958.364158694,885041.483749653
"155","Cambridge",28,3533,17,17,1.41385,0,19.58,"1",0.871,6.129,96,1.7494,5,403,14.7,321.02,15.12,c(235817.321893842;885174.054998761),235817.321893842,885174.054998761
"156","Cambridge",28,3534,15.6,15.6,3.53501,0,19.58,"1",0.871,6.152,82.6,1.7455,5,403,14.7,88.01,15.02,c(235669.378638409;885040.014178666),235669.378638409,885040.014178666
"157","Cambridge",28,3535,13.1,13.1,2.44668,0,19.58,"0",0.871,5.272,94,1.7364,5,403,14.7,88.63,16.14,c(235773.894892194;885595.919348932),235773.894892194,885595.919348932
"158","Cambridge",28,3536,41.3,41.3,1.22358,0,19.58,"0",0.605,6.943,97.4,1.8773,5,403,14.7,363.43,4.59,c(235579.234436223;886539.071766294),235579.234436223,886539.071766294
"159","Cambridge",28,3537,24.3,24.3,1.34284,0,19.58,"0",0.605,6.066,100,1.7573,5,403,14.7,353.89,6.43,c(235746.589303941;886095.618650505),235746.589303941,886095.618650505
"160","Cambridge",28,3538,23.3,23.3,1.42502,0,19.58,"0",0.871,6.51,100,1.7659,5,403,14.7,364.31,7.39,c(235912.945356489;885852.099813294),235912.945356489,885852.099813294
"161","Cambridge",28,3539,27,27,1.27346,0,19.58,"1",0.605,6.25,92.6,1.7984,5,403,14.7,338.92,5.5,c(235500.66035309;885750.041690599),235500.66035309,885750.041690599
"162","Cambridge",28,3540,50,50,1.46336,0,19.58,"0",0.605,7.489,90.8,1.9709,5,403,14.7,374.43,1.73,c(235207.927240605;886503.882773819),235207.927240605,886503.882773819
"163","Cambridge",28,3541,50,50,1.83377,0,19.58,"1",0.605,7.802,98.2,2.0407,5,403,14.7,389.61,1.92,c(234920.764399533;886147.012335513),234920.764399533,886147.012335513
"164","Cambridge",28,3542,50,50,1.51902,0,19.58,"1",0.605,8.375,93.9,2.162,5,403,14.7,388.45,3.32,c(234549.269902995;886145.179804697),234549.269902995,886145.179804697
"165","Cambridge",28,3543,22.7,22.7,2.24236,0,19.58,"0",0.605,5.854,91.8,2.422,5,403,14.7,395.11,11.64,c(233698.162574169;886307.667820552),233698.162574169,886307.667820552
"166","Cambridge",28,3544,25,25,2.924,0,19.58,"0",0.605,6.101,93,2.2834,5,403,14.7,240.16,9.81,c(234505.543273673;886644.803374672),234505.543273673,886644.803374672
"167","Cambridge",28,3545,50,50,2.01019,0,19.58,"0",0.605,7.929,96.2,2.0459,5,403,14.7,369.3,3.7,c(234917.73480789;886757.910628489),234917.73480789,886757.910628489
"168","Cambridge",28,3546,23.8,23.8,1.80028,0,19.58,"0",0.605,5.877,79.2,2.4259,5,403,14.7,227.61,12.14,c(234123.128518437;887198.315560525),234123.128518437,887198.315560525
"169","Cambridge",28,3547,23.8,23.8,2.3004,0,19.58,"0",0.605,6.319,96.1,2.1,5,403,14.7,297.09,11.1,c(235163.933936538;887047.931545466),235163.933936538,887047.931545466
"170","Cambridge",28,3548,22.3,22.3,2.44953,0,19.58,"0",0.605,6.402,95.2,2.2625,5,403,14.7,330.04,11.32,c(234873.930379861;887268.63967108),234873.930379861,887268.63967108
"171","Cambridge",28,3549,17.4,17.4,1.20742,0,19.58,"0",0.605,5.875,94.6,2.4259,5,403,14.7,292.29,14.43,c(234584.108682965;887456.038034379),234584.108682965,887456.038034379
"172","Cambridge",28,3550,19.1,19.1,2.3139,0,19.58,"0",0.605,5.88,97.3,2.3887,5,403,14.7,348.13,12.03,c(234731.473293885;887701.129236226),234731.473293885,887701.129236226
"173","Arlington",29,3561,23.1,23.1,0.13914,0,4.05,"0",0.51,5.572,88.5,2.5961,5,296,16.6,396.9,14.69,c(234086.293241;887986.771729944),234086.293241,887986.771729944
"174","Arlington",29,3562,23.6,23.6,0.09178,0,4.05,"0",0.51,6.416,84.1,2.6463,5,296,16.6,395.5,9.04,c(234208.257154563;888365.019745642),234208.257154563,888365.019745642
"175","Arlington",29,3563,22.6,22.6,0.08447,0,4.05,"0",0.51,5.859,68.7,2.7019,5,296,16.6,393.23,9.64,c(234388.462860973;888643.586503316),234388.462860973,888643.586503316
"176","Arlington",29,3564,29.4,29.4,0.06664,0,4.05,"0",0.51,6.546,33.1,3.1323,5,296,16.6,390.96,5.33,c(233500.157534464;889750.058396903),233500.157534464,889750.058396903
"177","Arlington",29,3565,23.2,23.2,0.07022,0,4.05,"0",0.51,6.02,47.2,3.5549,5,296,16.6,393.23,10.11,c(231974.944799544;889465.274954298),231974.944799544,889465.274954298
"178","Arlington",29,3566,24.6,24.6,0.05425,0,4.05,"0",0.51,6.315,73.4,3.3175,5,296,16.6,395.6,6.29,c(232513.244608196;889045.654174839),232513.244608196,889045.654174839
"179","Arlington",29,3567,29.9,29.9,0.06642,0,4.05,"0",0.51,6.86,74.4,2.9153,5,296,16.6,391.27,6.92,c(233299.394485439;888582.812528906),233299.394485439,888582.812528906
"180","Belmont",30,3571,37.2,37.2,0.0578,0,2.46,"0",0.488,6.98,58.4,2.829,3,193,17.8,396.9,5.04,c(233013.783772723;887892.800116367),233013.783772723,887892.800116367
"181","Belmont",30,3572,39.8,39.8,0.06588,0,2.46,"0",0.488,7.765,83.3,2.741,3,193,17.8,395.56,7.56,c(233058.336378004;887193.235364858),233058.336378004,887193.235364858
"182","Belmont",30,3573,36.2,36.2,0.06888,0,2.46,"0",0.488,6.144,62.2,2.5979,3,193,17.8,396.9,9.45,c(233301.01778733;886494.605924092),233301.01778733,886494.605924092
"183","Belmont",30,3574,37.9,37.9,0.09103,0,2.46,"0",0.488,7.155,92.2,2.7006,3,193,17.8,394.12,4.82,c(232978.811674063;886548.626947164),232978.811674063,886548.626947164
"184","Belmont",30,3575,32.5,32.5,0.10008,0,2.46,"0",0.488,6.563,95.6,2.847,3,193,17.8,396.9,5.68,c(232482.84776684;886690.718953725),232482.84776684,886690.718953725
"185","Belmont",30,3576,26.4,26.4,0.08308,0,2.46,"0",0.488,5.604,89.8,2.9879,3,193,17.8,391,13.98,c(232028.833988632;886688.639054407),232028.833988632,886688.639054407
"186","Belmont",30,3577,29.6,29.6,0.06047,0,2.46,"0",0.488,6.153,68.8,3.2797,3,193,17.8,387.11,13.15,c(231572.329596528;887241.952245306),231572.329596528,887241.952245306
"187","Belmont",30,3578,50,50,0.05602,0,2.46,"0",0.488,7.831,53.6,3.1992,3,193,17.8,392.63,4.45,c(232062.924054883;888266.061007309),232062.924054883,888266.061007309
"188","Lexington",31,3581,32,32,0.07875,45,3.44,"0",0.437,6.782,41.1,3.7886,5,398,15.2,393.87,6.68,c(231190.309765722;889628.36725275),231190.309765722,889628.36725275
"189","Lexington",31,3583,29.8,29.8,0.12579,45,3.44,"0",0.437,6.556,29.1,4.5667,5,398,15.2,382.84,4.56,c(229639.756727596;889455.053515142),229639.756727596,889455.053515142
"190","Lexington",31,3584,34.9,34.9,0.0837,45,3.44,"0",0.437,7.185,38.9,4.5667,5,398,15.2,396.9,5.39,c(229288.522321009;890575.444884622),229288.522321009,890575.444884622
"191","Lexington",31,3585,37,33,0.09068,45,3.44,"0",0.437,6.951,21.5,6.4798,5,398,15.2,377.68,5.1,c(231216.662908373;891128.004952785),231216.662908373,891128.004952785
"192","Lexington",31,3586,30.5,30.5,0.06911,45,3.44,"0",0.437,6.739,30.8,6.4798,5,398,15.2,389.71,4.69,c(228994.54574944;891840.489713339),228994.54574944,891840.489713339
"193","Lexington",31,3587,36.4,36.4,0.08664,45,3.44,"0",0.437,7.178,26.3,6.4798,5,398,15.2,390.49,2.87,c(230189.661893476;892067.667968784),230189.661893476,892067.667968784
"194","Bedford",32,3591,31.1,31.1,0.02187,60,2.93,"0",0.401,6.8,9.9,6.2196,1,265,15.6,393.37,5.03,c(228653.961118263;894449.38037075),228653.961118263,894449.38037075
"195","Bedford",32,3593,29.1,29.1,0.01439,60,2.93,"0",0.401,6.604,18.8,6.2196,1,265,15.6,376.7,4.38,c(227762.110060464;894779.032176057),227762.110060464,894779.032176057
"196","Lincoln",33,3602,50,50,0.01381,80,0.46,"0",0.422,7.875,32,5.6484,4,255,14.4,394.23,2.97,c(225663.515714997;889161.744151292),225663.515714997,889161.744151292
"197","Concord",34,3611,33.3,33.3,0.04011,80,1.52,"0",0.404,7.287,34.1,7.309,2,329,12.6,396.9,4.08,c(223098.497957127;891263.285983629),223098.497957127,891263.285983629
"198","Concord",34,3612,30.3,30.3,0.04666,80,1.52,"0",0.404,7.107,36.6,7.309,2,329,12.6,354.31,8.61,c(221448.271974162;891369.137535601),221448.271974162,891369.137535601
"199","Concord",34,3613,34.6,34.6,0.03768,80,1.52,"0",0.404,7.274,38.3,7.309,2,329,12.6,392.2,6.62,c(222927.173942135;893206.546701786),222927.173942135,893206.546701786
"200","Sudbury",35,3651,34.9,34.9,0.0315,95,1.47,"0",0.403,6.975,15.3,7.6534,3,402,17,396.9,4.56,c(221128.300612706;888035.922323605),221128.300612706,888035.922323605
"201","Sudbury",35,3652,32.9,32.9,0.01778,95,1.47,"0",0.403,7.135,13.9,7.6534,3,402,17,384.3,4.45,c(219566.361247197;885809.92153753),219566.361247197,885809.92153753
"202","Wayland",36,3661,24.1,24.1,0.03445,82.5,2.03,"0",0.415,6.162,38.4,6.27,2,348,14.7,393.77,7.43,c(223250.099039007;882822.122210189),223250.099039007,882822.122210189
"203","Wayland",36,3662,42.3,42.3,0.02177,82.5,2.03,"0",0.415,7.61,15.7,6.27,2,348,14.7,395.38,3.11,c(223613.389158718;885322.495261448),223613.389158718,885322.495261448
"204","Weston",37,3671,48.5,48.5,0.0351,95,2.68,"0",0.4161,7.853,33.2,5.118,4,224,14.7,392.78,3.81,c(224846.361090853;886881.779262929),224846.361090853,886881.779262929
"205","Weston",37,3672,50,50,0.02009,95,2.68,"0",0.4161,8.034,31.9,5.118,4,224,14.7,390.55,2.88,c(224856.630583958;883971.668934042),224856.630583958,883971.668934042
"206","Waltham",38,3681,22.6,22.6,0.13642,0,10.59,"0",0.489,5.891,22.3,3.9454,4,277,18.6,396.9,10.87,c(229091.722357912;888286.477479063),229091.722357912,888286.477479063
"207","Waltham",38,3682,24.4,24.4,0.22969,0,10.59,"0",0.489,6.326,52.5,4.3549,4,277,18.6,394.87,10.97,c(228891.643364618;886763.92703476),228891.643364618,886763.92703476
"208","Waltham",38,3683,22.5,22.5,0.25199,0,10.59,"0",0.489,5.783,72.7,4.3549,4,277,18.6,389.43,18.06,c(228976.018757374;886319.974786045),228976.018757374,886319.974786045
"209","Waltham",38,3684,24.4,24.4,0.13587,0,10.59,"1",0.489,6.064,59.1,4.2392,4,277,18.6,381.32,14.66,c(228870.886610969;885786.384629109),228870.886610969,885786.384629109
"210","Waltham",38,3685,20,20,0.43571,0,10.59,"1",0.489,5.344,100,3.875,4,277,18.6,396.9,23.09,c(229473.703384438;885755.559506549),229473.703384438,885755.559506549
"211","Waltham",38,3686,21.7,21.7,0.17446,0,10.59,"1",0.489,5.96,92.1,3.8771,4,277,18.6,393.25,17.27,c(229434.280879351;885311.09625503),229434.280879351,885311.09625503
"212","Waltham",38,3687,19.3,19.3,0.37578,0,10.59,"1",0.489,5.404,88.6,3.665,4,277,18.6,395.24,23.98,c(229886.545029302;885746.192069913),229886.545029302,885746.192069913
"213","Waltham",38,3688,22.4,22.4,0.21719,0,10.59,"1",0.489,5.807,53.8,3.6526,4,277,18.6,390.94,16.03,c(230256.437897641;886125.425676192),230256.437897641,886125.425676192
"214","Waltham",38,3689,28.1,28.1,0.14052,0,10.59,"0",0.489,6.375,32.3,3.9454,4,277,18.6,385.81,9.38,c(229921.263020347;887290.279251011),229921.263020347,887290.279251011
"215","Waltham",38,3690,23.7,23.7,0.28955,0,10.59,"0",0.489,5.412,9.8,3.5875,4,277,18.6,348.93,29.55,c(230788.185296138;887238.479487011),230788.185296138,887238.479487011
"216","Waltham",38,3691,25,25,0.19802,0,10.59,"0",0.489,6.182,42.4,3.9454,4,277,18.6,393.63,9.47,c(230998.108655321;886428.553609776),230998.108655321,886428.553609776
"217","Watertown",39,3701,23.3,23.3,0.0456,0,13.89,"1",0.55,5.888,56,3.1121,5,276,16.4,392.8,13.51,c(231652.608144832;885909.413536833),231652.608144832,885909.413536833
"218","Watertown",39,3702,28.7,28.7,0.07013,0,13.89,"0",0.55,6.642,85.1,3.4211,5,276,16.4,392.78,9.69,c(232610.013108394;885969.31956557),232610.013108394,885969.31956557
"219","Watertown",39,3703,21.5,21.5,0.11069,0,13.89,"1",0.55,5.951,93.8,2.8893,5,276,16.4,396.9,17.92,c(233576.717150427;885807.250278682),233576.717150427,885807.250278682
"220","Watertown",39,3704,23,23,0.11425,0,13.89,"1",0.55,6.373,92.4,3.3633,5,276,16.4,393.74,10.5,c(232530.022053108;885413.575427855),232530.022053108,885413.575427855
"221","Newton",40,3731,26.7,26.7,0.35809,0,6.2,"1",0.507,6.951,88.5,2.8617,8,307,17.4,391.7,9.71,c(232202.20806888;884878.910202362),232202.20806888,884878.910202362
"222","Newton",40,3732,21.7,21.7,0.40771,0,6.2,"1",0.507,6.164,91.3,3.048,8,307,17.4,395.24,21.46,c(231292.515469041;885196.925940592),231292.515469041,885196.925940592
"223","Newton",40,3733,27.5,27.5,0.62356,0,6.2,"1",0.507,6.879,77.7,3.2721,8,307,17.4,390.39,9.93,c(230963.816242558;884840.034357852),230963.816242558,884840.034357852
"224","Newton",40,3734,30.1,30.1,0.6147,0,6.2,"0",0.507,6.618,80.8,3.2721,8,307,17.4,396.9,7.6,c(231308.189105274;885385.822545251),231308.189105274,885385.822545251
"225","Newton",40,3735,44.8,44.8,0.31533,0,6.2,"0",0.504,8.266,78.3,2.8944,8,307,17.4,385.05,4.14,c(232206.118595383;884023.653777902),232206.118595383,884023.653777902
"226","Newton",40,3736,50,50,0.52693,0,6.2,"0",0.504,8.725,83,2.8944,8,307,17.4,382,4.63,c(232937.229734722;883082.90153904),232937.229734722,883082.90153904
"227","Newton",40,3737,37.6,37.6,0.38214,0,6.2,"0",0.504,8.04,86.5,3.2157,8,307,17.4,387.38,3.13,c(231258.182420745;883630.62284916),231258.182420745,883630.62284916
"228","Newton",40,3738,31.6,31.6,0.41238,0,6.2,"0",0.504,7.163,79.9,3.2157,8,307,17.4,372.08,6.36,c(231716.293747467;882766.290850766),231716.293747467,882766.290850766
"229","Newton",40,3739,46.7,46.7,0.29819,0,6.2,"0",0.504,7.686,17,3.3751,8,307,17.4,377.51,3.92,c(232216.783640845;881691.142122105),232216.783640845,881691.142122105
"230","Newton",40,3740,31.5,31.5,0.44178,0,6.2,"0",0.504,6.552,21.4,3.3751,8,307,17.4,380.34,3.76,c(231475.457801442;881210.17327587),231475.457801442,881210.17327587
"231","Newton",40,3741,24.3,24.3,0.537,0,6.2,"0",0.504,5.981,68.1,3.6715,8,307,17.4,378.35,11.65,c(230563.206088826;882016.997485005),230563.206088826,882016.997485005
"232","Newton",40,3742,31.7,31.7,0.46296,0,6.2,"0",0.504,7.412,76.9,3.6715,8,307,17.4,376.14,5.25,c(230684.691355069;882572.896026832),230684.691355069,882572.896026832
"233","Newton",40,3743,41.7,41.7,0.57529,0,6.2,"0",0.507,8.337,73.3,3.8384,8,307,17.4,385.91,2.47,c(229734.084430283;882746.538403332),229734.084430283,882746.538403332
"234","Newton",40,3744,48.3,48.3,0.33147,0,6.2,"0",0.507,8.247,70.4,3.6519,8,307,17.4,378.95,3.95,c(230225.169382335;883792.726059061),230225.169382335,883792.726059061
"235","Newton",40,3745,29,29,0.44791,0,6.2,"1",0.507,6.726,66.5,3.6519,8,307,17.4,360.2,8.05,c(230385.445256325;884926.374937629),230385.445256325,884926.374937629
"236","Newton",40,3746,24,24,0.33045,0,6.2,"0",0.507,6.086,61.5,3.6519,8,307,17.4,376.75,10.88,c(229890.080527064;884913.147699852),229890.080527064,884913.147699852
"237","Newton",40,3747,25.1,25.1,0.52058,0,6.2,"1",0.507,6.631,76.5,4.148,8,307,17.4,388.45,9.54,c(229024.526985302;884565.196716197),229024.526985302,884565.196716197
"238","Newton",40,3748,31.5,31.5,0.51183,0,6.2,"0",0.507,7.358,71.6,4.148,8,307,17.4,390.07,4.73,c(228978.638819519;883676.41329905),228978.638819519,883676.41329905
"239","Natick",41,3821,23.7,23.7,0.08244,30,4.93,"0",0.428,6.481,18.5,6.1899,6,300,16.6,379.41,6.36,c(224326.879689647;881937.168347145),224326.879689647,881937.168347145
"240","Natick",41,3822,23.3,23.3,0.09252,30,4.93,"0",0.428,6.606,42.2,6.1899,6,300,16.6,383.78,7.37,c(224492.280089591;881882.204537095),224492.280089591,881882.204537095
"241","Natick",41,3823,22,27,0.11329,30,4.93,"0",0.428,6.897,54.3,6.3361,6,300,16.6,391.25,11.38,c(225071.336846827;879329.551423096),225071.336846827,879329.551423096
"242","Natick",41,3824,20.1,20.1,0.10612,30,4.93,"0",0.428,6.095,65.1,6.3361,6,300,16.6,394.62,12.4,c(223649.840921434;879380.175041565),223649.840921434,879380.175041565
"243","Natick",41,3825,22.2,22.2,0.1029,30,4.93,"0",0.428,6.358,52.9,7.0355,6,300,16.6,372.75,11.22,c(223132.516956103;880900.162242052),223132.516956103,880900.162242052
"244","Natick",41,3826,23.7,23.7,0.12757,30,4.93,"0",0.428,6.393,7.8,7.0355,6,300,16.6,374.71,5.19,c(222143.115950371;880263.865923026),222143.115950371,880263.865923026
"245","Framingham",42,3831,17.6,17.6,0.20608,22,5.86,"0",0.431,5.593,76.5,7.9549,7,330,19.1,372.49,12.5,c(221196.120993869;879205.759394802),221196.120993869,879205.759394802
"246","Framingham",42,3832,18.5,18.5,0.19133,22,5.86,"0",0.431,5.605,70.2,7.9549,7,330,19.1,389.13,18.46,c(220039.599850641;879069.088836847),220039.599850641,879069.088836847
"247","Framingham",42,3833,24.3,24.3,0.33983,22,5.86,"0",0.431,6.108,34.9,8.0555,7,330,19.1,390.18,9.16,c(219665.500512445;879867.760868825),219665.500512445,879867.760868825
"248","Framingham",42,3834,20.5,20.5,0.19657,22,5.86,"0",0.431,6.226,79.2,8.0555,7,330,19.1,376.14,10.15,c(220904.490992922;880015.722007956),220904.490992922,880015.722007956
"249","Framingham",42,3835,24.5,24.5,0.16439,22,5.86,"0",0.431,6.433,49.1,7.8265,7,330,19.1,374.71,9.52,c(220241.439416058;880724.654883242),220241.439416058,880724.654883242
"250","Framingham",42,3836,26.2,26.2,0.19073,22,5.86,"0",0.431,6.718,17.5,7.8265,7,330,19.1,393.74,6.56,c(220859.166457944;881370.681597896),220859.166457944,881370.681597896
"251","Framingham",42,3837,24.4,24.4,0.1403,22,5.86,"0",0.431,6.487,13,7.3967,7,330,19.1,396.28,5.9,c(221641.064348624;882317.164379768),221641.064348624,882317.164379768
"252","Framingham",42,3838,24.8,24.8,0.21409,22,5.86,"0",0.431,6.438,8.9,7.3967,7,330,19.1,377.07,3.59,c(221184.363666849;883115.506478971),221184.363666849,883115.506478971
"253","Framingham",42,3839,29.6,29.6,0.08221,22,5.86,"0",0.431,6.957,6.8,8.9067,7,330,19.1,386.09,3.53,c(219121.033081999;882587.558106561),219121.033081999,882587.558106561
"254","Framingham",42,3840,42.8,42.8,0.36894,22,5.86,"0",0.431,8.259,8.4,8.9067,7,330,19.1,396.9,3.54,c(218119.300974471;880274.586405281),218119.300974471,880274.586405281
"255","Ashland",43,3851,21.9,21.9,0.04819,80,3.64,"0",0.392,6.108,32,9.2203,1,315,16.4,392.89,6.57,c(217396.383507338;878584.456550553),217396.383507338,878584.456550553
"256","Ashland",43,3852,20.9,20.9,0.03548,80,3.64,"0",0.392,5.876,19.1,9.2203,1,315,16.4,395.18,9.25,c(219093.361676132;877555.872078457),219093.361676132,877555.872078457
"257","Sherborn",44,3861,44,44,0.01538,90,3.75,"0",0.394,7.454,34.2,6.3361,3,244,15.9,386.34,3.11,c(222896.644971555;877211.76503577),222896.644971555,877211.76503577
"258","Brookline",45,4001,50,50,0.61154,20,3.97,"0",0.647,8.704,86.9,1.801,5,264,13,389.7,5.12,c(235681.968028788;884184.801413845),235681.968028788,884184.801413845
"259","Brookline",45,4002,36,36,0.66351,20,3.97,"0",0.647,7.333,100,1.8946,5,264,13,383.29,7.79,c(235285.374232283;884227.233371363),235285.374232283,884227.233371363
"260","Brookline",45,4003,30.1,30.1,0.65665,20,3.97,"0",0.647,6.842,100,2.0107,5,264,13,391.93,6.9,c(234971.692543749;884203.453969824),234971.692543749,884203.453969824
"261","Brookline",45,4004,33.8,33.8,0.54011,20,3.97,"0",0.647,7.203,81.8,2.1121,5,264,13,392.8,9.59,c(234684.586878227;883813.272897778),234684.586878227,883813.272897778
"262","Brookline",45,4005,43.1,43.1,0.53412,20,3.97,"0",0.647,7.52,89.4,2.1398,5,264,13,388.37,7.26,c(234768.265014139;883591.536146748),234768.265014139,883591.536146748
"263","Brookline",45,4006,48.8,48.8,0.52014,20,3.97,"0",0.647,8.398,91.5,2.2885,5,264,13,386.86,5.91,c(234397.720433309;883367.567812394),234397.720433309,883367.567812394
"264","Brookline",45,4007,31,31,0.82526,20,3.97,"0",0.647,7.327,94.5,2.0788,5,264,13,393.42,11.25,c(235100.815849327;883148.886958767),235100.815849327,883148.886958767
"265","Brookline",45,4008,36.5,36.5,0.55007,20,3.97,"0",0.647,7.206,91.6,1.9301,5,264,13,387.89,8.1,c(235428.380469867;883705.899955121),235428.380469867,883705.899955121
"266","Brookline",45,4009,22.8,22.8,0.76162,20,3.97,"0",0.647,5.56,62.8,1.9865,5,264,13,392.4,10.45,c(235512.643251347;883373.100250833),235512.643251347,883373.100250833
"267","Brookline",45,4010,30.7,30.7,0.7857,20,3.97,"0",0.647,7.014,84.6,2.1329,5,264,13,384.07,14.79,c(235308.124550424;882983.311104629),235308.124550424,882983.311104629
"268","Brookline",45,4011,50,50,0.57834,20,3.97,"0",0.575,8.297,67,2.4216,5,264,13,384.54,7.44,c(234277.89317307;882533.925160457),234277.89317307,882533.925160457
"269","Brookline",45,4012,43.5,43.5,0.5405,20,3.97,"0",0.575,7.47,52.6,2.872,5,264,13,390.3,3.16,c(233650.458210749;884197.017828544),233650.458210749,884197.017828544
"270","Dedham",46,4021,20.7,20.7,0.09065,20,6.96,"1",0.464,5.92,61.5,3.9175,3,223,18.6,391.34,13.65,c(233224.290044541;878252.530222495),233224.290044541,878252.530222495
"271","Dedham",46,4022,21.1,21.1,0.29916,20,6.96,"0",0.464,5.856,42.1,4.429,3,223,18.6,388.65,13,c(234140.396869962;876812.951098552),234140.396869962,876812.951098552
"272","Dedham",46,4023,25.2,25.2,0.16211,20,6.96,"0",0.464,6.24,16.3,4.429,3,223,18.6,396.9,6.59,c(233564.658275129;876199.283425619),233564.658275129,876199.283425619
"273","Dedham",46,4024,24.4,24.4,0.1146,20,6.96,"0",0.464,6.538,58.7,3.9175,3,223,18.6,394.96,7.73,c(233212.731270389;877197.277295122),233212.731270389,877197.277295122
"274","Dedham",46,4025,35.2,35.2,0.22188,20,6.96,"1",0.464,7.691,51.8,4.3665,3,223,18.6,390.77,6.58,c(231655.494815274;877912.09060205),231655.494815274,877912.09060205
"275","Needham",47,4031,32.4,32.4,0.05644,40,6.41,"1",0.447,6.758,32.9,4.0776,4,254,17.6,396.9,3.53,c(230531.768555986;879739.847245404),230531.768555986,879739.847245404
"276","Needham",47,4032,32,32,0.09604,40,6.41,"0",0.447,6.854,42.8,4.2673,4,254,17.6,396.9,2.98,c(229909.313553289;880381.405552709),229909.313553289,880381.405552709
"277","Needham",47,4033,33.2,33.2,0.10469,40,6.41,"1",0.447,7.267,49,4.7872,4,254,17.6,389.25,6.05,c(229707.486963716;879258.708328803),229707.486963716,879258.708328803
"278","Needham",47,4034,33.1,33.1,0.06127,40,6.41,"1",0.447,6.826,27.6,4.8628,4,254,17.6,393.45,4.16,c(228959.298164302;880344.115558553),228959.298164302,880344.115558553
"279","Needham",47,4035,29.1,29.1,0.07978,40,6.41,"0",0.447,6.482,32.1,4.1403,4,254,17.6,396.9,7.19,c(229781.625128375;881269.45512005),229781.625128375,881269.45512005
"280","Wellesley",48,4041,35.1,35.1,0.21038,20,3.33,"0",0.4429,6.812,32.2,4.1007,5,216,14.9,396.9,4.85,c(229076.356070716;882010.704622939),229076.356070716,882010.704622939
"281","Wellesley",48,4042,45.4,45.4,0.03578,20,3.33,"0",0.4429,7.82,64.5,4.6947,5,216,14.9,387.31,3.76,c(227589.939693454;881893.653391167),227589.939693454,881893.653391167
"282","Wellesley",48,4043,35.4,35.4,0.03705,20,3.33,"0",0.4429,6.968,37.2,5.2447,5,216,14.9,392.23,4.59,c(226021.361882921;881643.323587508),226021.361882921,881643.323587508
"283","Wellesley",48,4044,46,46,0.06129,20,3.33,"1",0.4429,7.645,49.7,5.2119,5,216,14.9,377.07,3.01,c(226645.660746767;880390.524809169),226645.660746767,880390.524809169
"284","Dover",49,4051,50,50,0.01501,90,1.21,"1",0.401,7.923,24.8,5.885,1,198,13.6,395.52,3.16,c(227028.530134478;877504.076814193),227028.530134478,877504.076814193
"285","Medfield",50,4061,32.2,32.2,0.00906,90,2.97,"0",0.4,7.088,20.8,7.3073,1,285,15.3,394.72,7.85,c(226465.358428516;873392.249547119),226465.358428516,873392.249547119
"286","Millis",51,4071,22,22,0.01096,55,2.25,"0",0.389,6.453,31.9,7.3073,1,300,15.3,394.72,8.23,c(223698.694549668;872216.154724972),223698.694549668,872216.154724972
"287","Norfolk",52,4091,20.1,20.1,0.01965,80,1.76,"0",0.385,6.23,31.5,9.0892,1,241,18.2,341.6,12.93,c(225241.878304033;868611.669672522),225241.878304033,868611.669672522
"288","Walpole",53,4111,23.2,23.2,0.03871,52.5,5.32,"0",0.405,6.209,31.3,7.3172,6,293,16.6,396.9,7.14,c(229127.00609182;869737.351016023),229127.00609182,869737.351016023
"289","Walpole",53,4112,22.3,22.3,0.0459,52.5,5.32,"0",0.405,6.315,45.6,7.3172,6,293,16.6,396.9,7.6,c(230401.683454145;871575.418864373),230401.683454145,871575.418864373
"290","Walpole",53,4113,24.8,24.8,0.04297,52.5,5.32,"0",0.405,6.565,22.9,7.3172,6,293,16.6,371.72,9.51,c(228538.569363432;872011.926729538),228538.569363432,872011.926729538
"291","Westwood",54,4121,28.5,28.5,0.03502,80,4.95,"0",0.411,6.861,27.9,5.1167,4,245,19.2,396.9,3.33,c(229891.445599105;874849.880587033),229891.445599105,874849.880587033
"292","Westwood",54,4122,37.3,37.3,0.07886,80,4.95,"0",0.411,7.148,27.7,5.1167,4,245,19.2,396.9,3.56,c(230337.955023754;876773.350366775),230337.955023754,876773.350366775
"293","Westwood",54,4123,27.9,27.9,0.03615,80,4.95,"0",0.411,6.63,23.4,5.1167,4,245,19.2,396.9,4.7,c(232492.392019797;875661.109742488),232492.392019797,875661.109742488
"294","Norwood",55,4131,23.9,23.9,0.08265,0,13.92,"0",0.437,6.127,18.4,5.5027,4,289,16,396.9,8.58,c(232337.577011209;873361.187856291),232337.577011209,873361.187856291
"295","Norwood",55,4132,21.7,21.7,0.08199,0,13.92,"0",0.437,6.009,42.3,5.5027,4,289,16,396.9,10.4,c(231587.418847746;874657.341090026),231587.418847746,874657.341090026
"296","Norwood",55,4133,28.6,28.6,0.12932,0,13.92,"0",0.437,6.678,31.1,5.9604,4,289,16,396.9,6.27,c(230523.181315463;874086.183799671),230523.181315463,874086.183799671
"297","Norwood",55,4134,27.1,27.1,0.05372,0,13.92,"0",0.437,6.549,51,5.9604,4,289,16,392.85,7.39,c(230765.808487878;873443.016014746),230765.808487878,873443.016014746
"298","Norwood",55,4135,20.3,20.3,0.14103,0,13.92,"0",0.437,5.79,58,6.32,4,289,16,396.9,15.84,c(231348.827500548;872523.679732884),231348.827500548,872523.679732884
"299","Sharon",56,4141,22.5,22.5,0.06466,70,2.24,"0",0.4,6.345,20.1,7.8278,5,358,14.8,368.24,4.97,c(231446.386407719;869191.942949227),231446.386407719,869191.942949227
"300","Sharon",56,4142,29,29,0.05561,70,2.24,"0",0.4,7.041,10,7.8278,5,358,14.8,371.58,4.74,c(233108.479303724;867700.069396875),233108.479303724,867700.069396875
"301","Sharon",56,4143,24.8,24.8,0.04417,70,2.24,"0",0.4,6.871,47.4,7.8278,5,358,14.8,390.86,6.07,c(232811.295662754;869309.227967807),232811.295662754,869309.227967807
"302","Canton",57,4151,22,22,0.03537,34,6.09,"0",0.433,6.59,40.4,5.4917,7,329,16.1,395.75,9.5,c(234123.773982225;871703.510070562),234123.773982225,871703.510070562
"303","Canton",57,4152,26.4,26.4,0.09266,34,6.09,"0",0.433,6.495,18.4,5.4917,7,329,16.1,383.61,8.67,c(236187.875945295;872491.30453539),236187.875945295,872491.30453539
"304","Canton",57,4153,33.1,33.1,0.1,34,6.09,"0",0.433,6.982,17.7,5.4917,7,329,16.1,390.43,4.86,c(234193.036303713;874480.667510198),234193.036303713,874480.667510198
"305","Milton",58,4161,36.1,36.1,0.05515,33,2.18,"0",0.472,7.236,41.1,4.022,7,222,18.4,393.68,6.93,c(237485.912726361;877274.238793481),237485.912726361,877274.238793481
"306","Milton",58,4162,28.4,28.4,0.05479,33,2.18,"0",0.472,6.616,58.1,3.37,7,222,18.4,393.36,8.93,c(236613.673288275;878102.708540945),236613.673288275,878102.708540945
"307","Milton",58,4163,33.4,33.4,0.07503,33,2.18,"0",0.472,7.42,71.9,3.0992,7,222,18.4,396.9,6.47,c(237601.605273504;878829.889718639),237601.605273504,878829.889718639
"308","Milton",58,4164,28.2,28.2,0.04932,33,2.18,"0",0.472,6.849,70.3,3.1827,7,222,18.4,396.9,7.53,c(239008.022921543;878559.847090172),239008.022921543,878559.847090172
"309","Quincy",59,4171,22.8,22.8,0.49298,0,9.9,"0",0.544,6.635,82.5,3.3175,4,304,18.4,396.9,4.54,c(240182.189975111;878455.368188165),240182.189975111,878455.368188165
"310","Quincy",59,4172,20.3,20.3,0.3494,0,9.9,"0",0.544,5.972,76.7,3.1025,4,304,18.4,396.24,9.97,c(239658.717380116;878952.237616533),239658.717380116,878952.237616533
"311","Quincy",59,4173,16.1,16.1,2.63548,0,9.9,"0",0.544,4.973,37.8,2.5194,4,304,18.4,350.45,12.64,c(239987.451694403;880731.285500659),239987.451694403,880731.285500659
"312","Quincy",59,4174,22.1,22.1,0.79041,0,9.9,"0",0.544,6.122,52.8,2.6403,4,304,18.4,396.9,5.98,c(240688.420259604;880957.44724307),240688.420259604,880957.44724307
"313","Quincy",59,4175,19.4,19.4,0.26169,0,9.9,"0",0.544,6.023,90.4,2.834,4,304,18.4,396.3,11.72,c(240075.753590402;879732.116728141),240075.753590402,879732.116728141
"314","Quincy",59,4176,21.6,21.6,0.26938,0,9.9,"0",0.544,6.266,82.8,3.2628,4,304,18.4,393.39,7.9,c(240699.130487499;879102.564777334),240699.130487499,879102.564777334
"315","Quincy",59,4177,23.8,23.8,0.3692,0,9.9,"0",0.544,6.567,87.3,3.6023,4,304,18.4,395.69,9.28,c(241324.311251708;878184.285329701),241324.311251708,878184.285329701
"316","Quincy",59,4178,16.2,16.2,0.25356,0,9.9,"0",0.544,5.705,77.7,3.945,4,304,18.4,396.42,11.5,c(243015.198444201;878749.772457328),243015.198444201,878749.772457328
"317","Quincy",59,4179,17.8,17.8,0.31827,0,9.9,"0",0.544,5.914,83.2,3.9986,4,304,18.4,390.7,18.33,c(242319.083196075;877690.352450466),242319.083196075,877690.352450466
"318","Quincy",59,4180,19.8,19.8,0.24522,0,9.9,"0",0.544,5.782,71.7,4.0317,4,304,18.4,396.9,15.94,c(241000.502309693;877016.116112872),241000.502309693,877016.116112872
"319","Quincy",59,4181,23.1,23.1,0.40202,0,9.9,"0",0.544,6.382,67.2,3.5325,4,304,18.4,395.21,10.36,c(240499.748432269;877846.277476159),240499.748432269,877846.277476159
"320","Quincy",59,4182,21,21,0.47547,0,9.9,"0",0.544,6.113,58.8,4.0019,4,304,18.4,396.23,12.73,c(239672.606718055;877952.648338176),239672.606718055,877952.648338176
"321","Braintree",60,4191,23.8,23.8,0.1676,0,7.38,"0",0.493,6.426,52.3,4.5404,5,287,19.6,396.9,7.2,c(240637.166424156;875514.515010702),240637.166424156,875514.515010702
"322","Braintree",60,4192,23.1,23.1,0.18159,0,7.38,"0",0.493,6.376,54.3,4.5404,5,287,19.6,396.9,6.87,c(241543.363074431;876075.164596839),241543.363074431,876075.164596839
"323","Braintree",60,4193,20.4,20.4,0.35114,0,7.38,"0",0.493,6.041,49.9,4.7211,5,287,19.6,396.9,7.7,c(242161.612822984;876378.733891731),242161.612822984,876378.733891731
"324","Braintree",60,4194,18.5,18.5,0.28392,0,7.38,"0",0.493,5.708,74.3,4.7211,5,287,19.6,391.13,11.74,c(242706.688897935;876470.873396597),242706.688897935,876470.873396597
"325","Braintree",60,4195,25,25,0.34109,0,7.38,"0",0.493,6.415,40.1,4.7211,5,287,19.6,396.9,6.12,c(242209.727859483;875246.067231759),242209.727859483,875246.067231759
"326","Braintree",60,4196,24.6,24.6,0.19186,0,7.38,"0",0.493,6.431,14.7,5.4159,5,287,19.6,393.68,5.08,c(241354.521978061;873030.635182675),241354.521978061,873030.635182675
"327","Braintree",60,4197,23,23,0.30347,0,7.38,"0",0.493,6.312,28.9,5.4159,5,287,19.6,396.9,6.15,c(241388.772031682;874241.537914092),241388.772031682,874241.537914092
"328","Braintree",60,4198,22.2,22.2,0.24103,0,7.38,"0",0.493,6.083,43.7,5.4159,5,287,19.6,396.9,12.79,c(240517.933486986;874680.776150664),240517.933486986,874680.776150664
"329","Randolph",61,4201,19.3,19.3,0.06617,0,3.24,"0",0.46,5.868,25.8,5.2146,4,430,16.9,382.44,9.97,c(239076.109409383;873728.516309453),239076.109409383,873728.516309453
"330","Randolph",61,4202,22.6,22.6,0.06724,0,3.24,"0",0.46,6.333,17.2,5.2146,4,430,16.9,375.21,7.34,c(237917.115978893;873944.337761401),237917.115978893,873944.337761401
"331","Randolph",61,4203,19.8,19.8,0.04544,0,3.24,"0",0.46,6.144,32.2,5.8736,4,430,16.9,368.57,9.09,c(239292.137229248;872063.617265679),239292.137229248,872063.617265679
"332","Holbrook",62,4211,17.1,17.1,0.05023,35,6.06,"0",0.4379,5.706,28.4,6.6407,1,304,16.9,394.02,12.43,c(240416.164407922;870792.625084247),240416.164407922,870792.625084247
"333","Holbrook",62,4212,19.4,19.4,0.03466,35,6.06,"0",0.4379,6.031,23.3,6.6407,1,304,16.9,362.25,7.83,c(241696.577028568;871133.294020029),241696.577028568,871133.294020029
"334","Weymouth",63,4221,22.2,22.2,0.05083,0,5.19,"0",0.515,6.316,38.1,6.4584,5,224,20.2,389.71,5.68,c(243054.849021153;872252.185033592),243054.849021153,872252.185033592
"335","Weymouth",63,4222,20.7,20.7,0.03738,0,5.19,"0",0.515,6.31,38.5,6.4584,5,224,20.2,389.4,6.75,c(244253.203128324;872426.210058589),244253.203128324,872426.210058589
"336","Weymouth",63,4223,21.1,21.1,0.03961,0,5.19,"0",0.515,6.037,34.5,5.9853,5,224,20.2,396.9,8.01,c(243829.964953532;873978.600303334),243829.964953532,873978.600303334
"337","Weymouth",63,4224,19.5,19.5,0.03427,0,5.19,"0",0.515,5.869,46.3,5.2311,5,224,20.2,396.9,9.8,c(243324.912471;875419.440915072),243324.912471,875419.440915072
"338","Weymouth",63,4225,18.5,18.5,0.03041,0,5.19,"0",0.515,5.895,59.6,5.615,5,224,20.2,394.81,10.56,c(244631.960069947;875316.517606661),244631.960069947,875316.517606661
"339","Weymouth",63,4226,20.6,20.6,0.03306,0,5.19,"0",0.515,6.059,37.3,4.8122,5,224,20.2,396.14,8.51,c(244368.379634838;876470.026016829),244368.379634838,876470.026016829
"340","Weymouth",63,4227,19,19,0.05497,0,5.19,"0",0.515,5.985,45.4,4.8122,5,224,20.2,396.9,9.74,c(244016.598393587;877200.911687862),244016.598393587,877200.911687862
"341","Weymouth",63,4228,18.7,18.7,0.06151,0,5.19,"0",0.515,5.968,58.5,4.8122,5,224,20.2,396.9,9.29,c(244218.857358961;877901.946254594),244218.857358961,877901.946254594
"342","Cohasset",64,4231,32.7,32.7,0.01301,35,1.52,"0",0.442,7.241,49.3,7.0379,1,284,15.5,394.74,5.49,c(250627.320474775;877522.969760896),250627.320474775,877522.969760896
"343","Hull",65,5001,16.5,16.5,0.02498,0,1.89,"0",0.518,6.54,59.7,6.2669,1,422,15.9,389.96,8.65,c(248344.009551314;879006.455200411),248344.009551314,879006.455200411
"344","Hingham",66,5011,23.9,23.9,0.02543,55,3.78,"0",0.484,6.696,56.4,5.7321,5,370,17.6,396.9,7.18,c(246535.135310994;877605.846140575),246535.135310994,877605.846140575
"345","Hingham",66,5012,31.2,31.2,0.03049,55,3.78,"0",0.484,6.874,28.1,6.4654,5,370,17.6,387.97,4.61,c(246925.185564551;874887.106134826),246925.185564551,874887.106134826
"346","Rockland",67,5021,17.5,17.5,0.03113,0,4.39,"0",0.442,6.014,48.5,8.0136,3,352,18.8,385.64,10.53,c(245762.598375989;869270.241793772),245762.598375989,869270.241793772
"347","Rockland",67,5022,17.2,17.2,0.06162,0,4.39,"0",0.442,5.898,52.3,8.0136,3,352,18.8,364.61,12.67,c(245498.905918374;870379.271242572),245498.905918374,870379.271242572
"348","Hanover",68,5031,23.1,23.1,0.0187,85,4.15,"0",0.429,6.516,27.7,8.5353,4,351,17.9,392.43,6.36,c(247371.046272149;870058.368365116),247371.046272149,870058.368365116
"349","Norwell",69,5041,24.5,24.5,0.01501,80,2.01,"0",0.435,6.635,29.7,8.344,4,280,17,390.94,5.99,c(247974.926865057;872517.180129002),247974.926865057,872517.180129002
"350","Scituate",70,5051,26.6,26.6,0.02899,40,1.25,"0",0.429,6.939,34.5,8.7921,1,335,19.7,389.85,5.89,c(253327.476662483;875710.134656579),253327.476662483,875710.134656579
"351","Scituate",70,5052,22.9,22.9,0.06211,40,1.25,"0",0.429,6.49,44.4,8.7921,1,335,19.7,396.9,5.98,c(255159.390185682;874058.097243837),255159.390185682,874058.097243837
"352","Marshfield",71,5061,24.1,24.1,0.0795,60,1.69,"0",0.411,6.579,35.9,10.7103,4,411,18.3,370.78,5.49,c(255440.195426913;869894.992618699),255440.195426913,869894.992618699
"353","Marshfield",71,5062,18.6,18.6,0.07244,60,1.69,"0",0.411,5.884,18.5,10.7103,4,411,18.3,392.33,7.79,c(257111.713233919;867853.440458971),257111.713233919,867853.440458971
"354","Duxbury",72,5071,30.1,30.1,0.01709,90,2.02,"0",0.41,6.728,36.1,12.1265,5,187,17,384.46,4.5,c(255465.496552367;866674.036188471),255465.496552367,866674.036188471
"355","Pembroke",73,5081,18.2,18.2,0.04301,80,1.91,"0",0.413,5.663,21.9,10.5857,4,334,22,382.8,8.05,c(253558.545528958;867048.072945252),253558.545528958,867048.072945252
"356","Pembroke",73,5082,20.6,20.6,0.10659,80,1.91,"0",0.413,5.936,19.5,10.5857,4,334,22,376.04,5.57,c(253618.483989339;864604.904845728),253618.483989339,864604.904845728
"357","Boston Allston-Brighton",74,1,17.8,17.8,8.98296,0,18.1,"1",0.77,6.212,97.4,2.1222,24,666,20.2,377.73,17.6,c(234429.673946443;885278.209213818),234429.673946443,885278.209213818
"358","Boston Allston-Brighton",74,2,21.7,21.7,3.8497,0,18.1,"1",0.77,6.395,91,2.5052,24,666,20.2,391.34,13.27,c(233441.641967192;884695.859333714),233441.641967192,884695.859333714
"359","Boston Allston-Brighton",74,3,22.7,22.7,5.20177,0,18.1,"1",0.77,6.127,83.4,2.7227,24,666,20.2,395.43,11.48,c(232972.025225952;884471.495826238),232972.025225952,884471.495826238
"360","Boston Allston-Brighton",74,4,22.6,22.6,4.26131,0,18.1,"0",0.77,6.112,81.3,2.5091,24,666,20.2,390.74,12.67,c(233609.434617366;884141.284638547),233609.434617366,884141.284638547
"361","Boston Allston-Brighton",74,5,25,25,4.54192,0,18.1,"0",0.77,6.398,88,2.5182,24,666,20.2,374.56,7.79,c(233817.852230694;883731.306155892),233817.852230694,883731.306155892
"362","Boston Allston-Brighton",74,6,19.9,19.9,3.83684,0,18.1,"0",0.77,6.251,91.1,2.2955,24,666,20.2,350.65,14.19,c(234144.575071622;884477.082580311),234144.575071622,884477.082580311
"363","Boston Allston-Brighton",74,7,20.8,20.8,3.67822,0,18.1,"0",0.77,5.362,96.2,2.1036,24,666,20.2,380.79,10.19,c(234599.822697922;884257.154776052),234599.822697922,884257.154776052
"364","Boston Allston-Brighton",74,8,16.8,16.8,4.22239,0,18.1,"1",0.77,5.803,89,1.9047,24,666,20.2,353.04,14.64,c(234141.882759314;885032.443436173),234141.882759314,885032.443436173
"365","Boston Back Bay",75,101,21.9,21.9,3.47428,0,18.1,"1",0.718,8.78,82.9,1.9047,24,666,20.2,354.55,5.29,c(236415.470358181;884466.242686663),236415.470358181,884466.242686663
"366","Boston Back Bay",75,102,27.5,27.5,4.55587,0,18.1,"0",0.718,3.561,87.9,1.6132,24,666,20.2,354.7,7.12,c(236375.502673181;884210.56392867),236375.502673181,884210.56392867
"367","Boston Back Bay",75,104,21.9,21.9,3.69695,0,18.1,"0",0.718,4.963,91.4,1.7523,24,666,20.2,316.03,14,c(236831.012033213;883957.458887963),236831.012033213,883957.458887963
"368","Boston Back Bay",75,105,23.1,23.1,13.5222,0,18.1,"0",0.631,3.863,100,1.5106,24,666,20.2,131.42,13.33,c(237094.215070885;884158.774869794),237094.215070885,884158.774869794
"369","Boston Back Bay",75,107,50,50,4.89822,0,18.1,"0",0.631,4.97,100,1.3325,24,666,20.2,375.52,3.26,c(237323.372331471;884548.747800608),237323.372331471,884548.747800608
"370","Boston Back Bay",75,108,50,50,5.66998,0,18.1,"1",0.631,6.683,96.8,1.3567,24,666,20.2,375.33,3.73,c(237181.825356374;884770.14913996),237181.825356374,884770.14913996
"371","Boston Beacon Hill",76,201,50,50,6.53876,0,18.1,"1",0.631,7.016,97.5,1.2024,24,666,20.2,392.05,2.96,c(237799.971007069;884984.482331042),237799.971007069,884984.482331042
"372","Boston Beacon Hill",76,202,50,50,9.2323,0,18.1,"0",0.631,6.216,100,1.1691,24,666,20.2,366.15,9.53,c(237840.300100278;885162.419115836),237840.300100278,885162.419115836
"373","Boston Beacon Hill",76,203,50,50,8.26725,0,18.1,"1",0.668,5.875,89.6,1.1296,24,666,20.2,347.88,8.88,c(238004.113127501;885407.666613128),238004.113127501,885407.666613128
"374","Boston North End",77,301,13.8,13.8,11.1081,0,18.1,"0",0.668,4.906,100,1.1742,24,666,20.2,396.9,34.77,c(238481.460983498;885687.947007938),238481.460983498,885687.947007938
"375","Boston North End",77,302,13.8,13.8,18.4982,0,18.1,"0",0.668,4.138,100,1.137,24,666,20.2,396.9,37.97,c(238424.8812838;885465.487505499),238424.8812838,885465.487505499
"376","Boston Charlestown",78,401,15,15,19.6091,0,18.1,"0",0.671,7.313,97.9,1.3163,24,666,20.2,396.9,13.44,c(238248.302859778;886053.225291779),238248.302859778,886053.225291779
"377","Boston Charlestown",78,402,13.9,13.9,15.288,0,18.1,"0",0.671,6.649,93.3,1.3449,24,666,20.2,363.02,23.24,c(238469.988820146;886276.583687806),238469.988820146,886276.583687806
"378","Boston Charlestown",78,403,13.3,13.3,9.82349,0,18.1,"0",0.671,6.794,98.8,1.358,24,666,20.2,396.9,21.24,c(238139.476756873;886330.323422298),238139.476756873,886330.323422298
"379","Boston Charlestown",78,404,13.1,13.1,23.6482,0,18.1,"0",0.671,6.38,96.2,1.3861,24,666,20.2,396.9,23.69,c(237975.390728123;886140.608460702),237975.390728123,886140.608460702
"380","Boston Charlestown",78,405,10.2,10.2,17.8667,0,18.1,"0",0.671,6.223,100,1.3861,24,666,20.2,393.74,21.78,c(237973.773384946;886440.503225108),237973.773384946,886440.503225108
"381","Boston Charlestown",78,406,10.4,10.4,88.9762,0,18.1,"0",0.671,6.968,91.9,1.4165,24,666,20.2,396.9,17.21,c(237476.989997956;886715.530020969),237476.989997956,886715.530020969
"382","Boston East Boston",79,407,10.9,10.9,15.8744,0,18.1,"0",0.671,6.545,99.1,1.5192,24,666,20.2,396.9,21.08,c(237890.32593035;886606.666786167),237890.32593035,886606.666786167
"383","Boston East Boston",79,501,11.3,11.3,9.18702,0,18.1,"0",0.7,5.536,100,1.5804,24,666,20.2,396.9,23.6,c(239376.392213379;886581.497935577),239376.392213379,886581.497935577
"384","Boston East Boston",79,502,12.3,12.3,7.99248,0,18.1,"0",0.7,5.52,100,1.5331,24,666,20.2,396.9,24.56,c(239501.275330761;886393.36902746),239501.275330761,886393.36902746
"385","Boston East Boston",79,503,8.8,8.8,20.0849,0,18.1,"0",0.7,4.368,91.2,1.4395,24,666,20.2,285.83,30.63,c(239255.788205453;886003.232037261),239255.788205453,886003.232037261
"386","Boston East Boston",79,504,7.2,7.2,16.8118,0,18.1,"0",0.7,5.277,98.1,1.4261,24,666,20.2,396.9,30.81,c(239339.709314161;885759.334480724),239339.709314161,885759.334480724
"387","Boston East Boston",79,506,10.5,10.5,24.3938,0,18.1,"0",0.7,4.652,100,1.4672,24,666,20.2,396.9,28.28,c(239396.38197571;885959.587045219),239396.38197571,885959.587045219
"388","Boston East Boston",79,507,7.4,7.4,22.5971,0,18.1,"0",0.7,5,89.5,1.5184,24,666,20.2,396.9,31.99,c(239502.646165228;886149.010633281),239502.646165228,886149.010633281
"389","Boston East Boston",79,508,10.2,10.2,14.3337,0,18.1,"0",0.7,4.88,100,1.5895,24,666,20.2,372.92,30.62,c(239667.316753489;886227.689194578),239667.316753489,886227.689194578
"390","Boston East Boston",79,509,11.5,11.5,8.15174,0,18.1,"0",0.7,5.39,98.9,1.7281,24,666,20.2,396.9,20.85,c(239888.574858481;886517.735521113),239888.574858481,886517.735521113
"391","Boston East Boston",79,510,15.1,15.1,6.96215,0,18.1,"0",0.7,5.713,97,1.9265,24,666,20.2,394.43,17.11,c(240374.409488677;886731.548261321),240374.409488677,886731.548261321
"392","Boston East Boston",79,511,23.2,23.2,5.29305,0,18.1,"0",0.7,6.051,82.5,2.1678,24,666,20.2,378.38,18.76,c(240983.320964726;887068.293441741),240983.320964726,887068.293441741
"393","Boston East Boston",79,512,9.7,9.7,11.5779,0,18.1,"0",0.7,5.036,97,1.77,24,666,20.2,396.9,25.68,c(239629.165362515;885672.09714958),239629.165362515,885672.09714958
"394","Boston South Boston",80,601,13.8,13.8,8.64476,0,18.1,"0",0.693,6.193,92.6,1.7912,24,666,20.2,396.9,15.17,c(239913.885398772;883507.73827039),239913.885398772,883507.73827039
"395","Boston South Boston",80,602,12.7,12.7,13.3598,0,18.1,"0",0.693,5.887,94.7,1.7821,24,666,20.2,396.9,16.35,c(239642.416593573;883317.37781438),239642.416593573,883317.37781438
"396","Boston South Boston",80,603,13.1,13.1,8.71675,0,18.1,"0",0.693,6.471,98.8,1.7257,24,666,20.2,391.98,17.12,c(239477.054854748;883349.771668113),239477.054854748,883349.771668113
"397","Boston South Boston",80,604,12.5,12.5,5.87205,0,18.1,"0",0.693,6.405,96,1.6768,24,666,20.2,396.9,19.37,c(239146.891519363;883314.606665899),239146.891519363,883314.606665899
"398","Boston South Boston",80,605,8.5,8.5,7.67202,0,18.1,"0",0.693,5.747,98.9,1.6334,24,666,20.2,393.1,19.92,c(239227.561552264;883659.387831711),239227.561552264,883659.387831711
"399","Boston South Boston",80,606,5,5,38.3518,0,18.1,"0",0.693,5.453,100,1.4896,24,666,20.2,396.9,30.59,c(239388.628917472;884393.382162402),239388.628917472,884393.382162402
"400","Boston South Boston",80,607,6.3,6.3,9.91655,0,18.1,"0",0.693,5.852,77.8,1.5004,24,666,20.2,338.16,29.97,c(238566.406986389;883744.596917813),238566.406986389,883744.596917813
"401","Boston South Boston",80,608,5.6,5.6,25.0461,0,18.1,"0",0.693,5.987,100,1.5888,24,666,20.2,396.9,26.77,c(238600.718145147;883511.527483393),238600.718145147,883511.527483393
"402","Boston South Boston",80,609,7.2,7.2,14.2362,0,18.1,"0",0.693,6.343,100,1.5741,24,666,20.2,396.9,20.32,c(238815.194884838;883557.136014196),238815.194884838,883557.136014196
"403","Boston South Boston",80,610,12.1,12.1,9.59571,0,18.1,"0",0.693,6.404,100,1.639,24,666,20.2,376.11,20.31,c(238816.847379617;883257.2428353),238816.847379617,883257.2428353
"404","Boston South Boston",80,612,8.3,8.3,24.8017,0,18.1,"0",0.693,5.349,96,1.7028,24,666,20.2,396.9,19.77,c(238553.051403156;883166.934294787),238553.051403156,883166.934294787
"405","Boston South Boston",80,613,8.5,8.5,41.5292,0,18.1,"0",0.693,5.531,85.4,1.6074,24,666,20.2,329.46,27.38,c(238444.412393067;883399.597797283),238444.412393067,883399.597797283
"406","Boston South Boston",80,614,5,5,67.9208,0,18.1,"0",0.693,5.683,100,1.4254,24,666,20.2,384.97,22.98,c(238647.465893201;884022.728664364),238647.465893201,884022.728664364
"407","Boston Downtown",81,702,11.9,11.9,20.7162,0,18.1,"0",0.659,4.138,100,1.1781,24,666,20.2,370.22,23.34,c(238060.946711228;885585.693913061),238060.946711228,885585.693913061
"408","Boston Downtown",81,703,27.9,27.9,11.9511,0,18.1,"0",0.659,5.608,100,1.2852,24,666,20.2,332.09,12.13,c(237761.902722786;884384.472804399),237761.902722786,884384.472804399
"409","Boston Downtown",81,705,17.2,17.2,7.40389,0,18.1,"0",0.597,5.617,97.9,1.4547,24,666,20.2,314.64,26.4,c(237681.704517872;883939.743458892),237681.704517872,883939.743458892
"410","Boston Downtown",81,706,27.5,27.5,14.4383,0,18.1,"0",0.597,6.852,100,1.4655,24,666,20.2,179.36,19.78,c(237532.468298583;884050.021592579),237532.468298583,884050.021592579
"411","Boston Downtown",81,707,15,15,51.1358,0,18.1,"0",0.597,5.757,100,1.413,24,666,20.2,2.6,10.11,c(237473.776652185;884216.321497819),237473.776652185,884216.321497819
"412","Boston Downtown",81,708,17.2,17.2,14.0507,0,18.1,"0",0.597,6.657,100,1.5275,24,666,20.2,35.05,21.22,c(237268.920992538;883915.332328173),237268.920992538,883915.332328173
"413","Boston Downtown",81,709,17.9,17.9,18.811,0,18.1,"0",0.597,4.628,100,1.5539,24,666,20.2,28.79,34.37,c(237410.369627767;883716.147385787),237410.369627767,883716.147385787
"414","Boston Downtown",81,710,16.3,16.3,28.6558,0,18.1,"0",0.597,5.155,100,1.5894,24,666,20.2,210.97,20.08,c(237568.165536687;883550.37492028),237568.165536687,883550.37492028
"415","Boston Roxbury",82,801,7,7,45.7461,0,18.1,"0",0.693,4.519,100,1.6582,24,666,20.2,88.27,36.98,c(237825.967508082;883218.530061158),237825.967508082,883218.530061158
"416","Boston Roxbury",82,802,7.2,7.2,18.0846,0,18.1,"0",0.679,6.434,100,1.8347,24,666,20.2,27.25,29.05,c(237538.801106572;882861.554755823),237538.801106572,882861.554755823
"417","Boston Roxbury",82,803,7.5,7.5,10.8342,0,18.1,"0",0.679,6.782,90.8,1.8195,24,666,20.2,21.57,25.79,c(237356.39006279;882993.874786651),237356.39006279,882993.874786651
"418","Boston Roxbury",82,805,10.4,10.4,25.9406,0,18.1,"0",0.679,5.304,89.1,1.6475,24,666,20.2,127.36,26.64,c(237180.486088358;883459.458160584),237180.486088358,883459.458160584
"419","Boston Roxbury",82,807,8.8,8.8,73.5341,0,18.1,"0",0.679,5.957,100,1.8026,24,666,20.2,16.45,20.62,c(236958.553252226;883258.355703921),236958.553252226,883258.355703921
"420","Boston Roxbury",82,808,8.4,8.4,11.8123,0,18.1,"0",0.718,6.824,76.5,1.794,24,666,20.2,48.45,22.74,c(236454.190418606;883366.802335479),236454.190418606,883366.802335479
"421","Boston Roxbury",82,809,16.7,16.7,11.0874,0,18.1,"0",0.718,6.411,100,1.8589,24,666,20.2,318.75,15.02,c(236190.425822594;883265.47508349),236190.425822594,883265.47508349
"422","Boston Roxbury",82,810,14.2,14.2,7.02259,0,18.1,"0",0.718,6.006,95.3,1.8746,24,666,20.2,319.98,15.7,c(235924.557778818;883575.12333049),235924.557778818,883575.12333049
"423","Boston Roxbury",82,811,20.8,20.8,12.0482,0,18.1,"0",0.614,5.648,87.6,1.9512,24,666,20.2,291.55,14.1,c(235803.390686136;883041.348089361),235803.390686136,883041.348089361
"424","Boston Roxbury",82,812,13.4,13.4,7.05042,0,18.1,"0",0.614,6.103,85.1,2.0218,24,666,20.2,2.52,23.29,c(236184.563090708;882798.931494099),236184.563090708,882798.931494099
"425","Boston Roxbury",82,813,11.7,11.7,8.79212,0,18.1,"0",0.584,5.565,70.6,2.0635,24,666,20.2,3.65,17.16,c(236425.692393738;882489.165280112),236425.692393738,882489.165280112
"426","Boston Roxbury",82,814,8.3,8.3,15.8603,0,18.1,"0",0.679,5.896,95.4,1.9096,24,666,20.2,7.68,24.39,c(236530.361727141;883011.757918312),236530.361727141,883011.757918312
"427","Boston Roxbury",82,815,10.2,10.2,12.2472,0,18.1,"0",0.584,5.837,59.7,1.9976,24,666,20.2,24.65,15.69,c(236689.020082722;882679.358496994),236689.020082722,882679.358496994
"428","Boston Roxbury",82,816,10.9,10.9,37.6619,0,18.1,"0",0.679,6.202,78.7,1.8629,24,666,20.2,18.82,14.52,c(236819.778786329;882946.619833617),236819.778786329,882946.619833617
"429","Boston Roxbury",82,817,11,11,7.36711,0,18.1,"0",0.679,6.193,78.1,1.9356,24,666,20.2,96.73,21.52,c(236994.446483044;882714.278108483),236994.446483044,882714.278108483
"430","Boston Roxbury",82,818,9.5,9.5,9.33889,0,18.1,"0",0.679,6.38,95.6,1.9682,24,666,20.2,60.72,24.08,c(237292.962778047;882493.702689473),237292.962778047,882493.702689473
"431","Boston Roxbury",82,819,14.5,14.5,8.49213,0,18.1,"0",0.584,6.348,86.1,2.0527,24,666,20.2,83.45,17.64,c(236782.599943001;882157.795945475),236782.599943001,882157.795945475
"432","Boston Roxbury",82,820,14.1,14.1,10.0623,0,18.1,"0",0.584,6.833,94.3,2.0882,24,666,20.2,81.33,19.69,c(237130.109819015;882048.544204745),237130.109819015,882048.544204745
"433","Boston Roxbury",82,821,16.1,16.1,6.44405,0,18.1,"0",0.584,6.425,74.8,2.2004,24,666,20.2,97.95,12.03,c(237007.723058142;881759.106577046),237007.723058142,881759.106577046
"434","Boston Savin Hill",83,901,14.3,14.3,5.58107,0,18.1,"0",0.713,6.436,87.9,2.3158,24,666,20.2,100.19,16.22,c(237216.525353668;881327.015964072),237216.525353668,881327.015964072
"435","Boston Savin Hill",83,902,11.7,11.7,13.9134,0,18.1,"0",0.713,6.208,95,2.2222,24,666,20.2,100.63,15.17,c(237380.156043548;881627.78316339),237380.156043548,881627.78316339
"436","Boston Savin Hill",83,903,13.4,13.4,11.1604,0,18.1,"0",0.74,6.629,94.6,2.1247,24,666,20.2,109.85,23.27,c(237502.58899838;881906.120060516),237502.58899838,881906.120060516
"437","Boston Savin Hill",83,904,9.6,9.6,14.4208,0,18.1,"0",0.74,6.461,93.3,2.0026,24,666,20.2,27.49,18.05,c(237542.352208701;882195.12572109),237542.352208701,882195.12572109
"438","Boston Savin Hill",83,905,8.7,8.2,15.1772,0,18.1,"0",0.74,6.152,100,1.9142,24,666,20.2,9.32,26.45,c(237623.529293692;882462.137861731),237623.529293692,882462.137861731
"439","Boston Savin Hill",83,906,8.4,8.4,13.6781,0,18.1,"0",0.74,5.935,87.9,1.8206,24,666,20.2,68.95,34.02,c(237622.283673254;882695.388027311),237622.283673254,882695.388027311
"440","Boston Savin Hill",83,907,12.8,12.8,9.39063,0,18.1,"0",0.74,5.627,93.9,1.8172,24,666,20.2,396.9,22.88,c(238241.623854855;882720.937649705),238241.623854855,882720.937649705
"441","Boston Savin Hill",83,908,10.5,10.5,22.0511,0,18.1,"0",0.74,5.818,92.4,1.8662,24,666,20.2,391.45,22.11,c(238647.250735731;882556.538996549),238647.250735731,882556.538996549
"442","Boston Savin Hill",83,910,17.1,17.1,9.72418,0,18.1,"0",0.74,6.406,97.2,2.0651,24,666,20.2,385.96,19.52,c(238453.565627308;881722.419149963),238453.565627308,881722.419149963
"443","Boston Savin Hill",83,911,18.4,14.8,5.66637,0,18.1,"0",0.74,6.219,100,2.0048,24,666,20.2,395.69,16.59,c(238492.441424371;882166.929979177),238492.441424371,882166.929979177
"444","Boston Savin Hill",83,912,15.4,15.4,9.96654,0,18.1,"0",0.74,6.485,100,1.9784,24,666,20.2,386.73,18.85,c(238178.437272465;882187.436382731),238178.437272465,882187.436382731
"445","Boston Savin Hill",83,913,10.8,10.8,12.8023,0,18.1,"0",0.74,5.854,96.6,1.8956,24,666,20.2,240.52,23.79,c(237953.739835097;882497.231421833),237953.739835097,882497.231421833
"446","Boston Savin Hill",83,914,11.8,11.8,10.6718,0,18.1,"0",0.74,6.459,94.8,1.9879,24,666,20.2,43.06,23.98,c(237790.332872114;882163.129077244),237790.332872114,882163.129077244
"447","Boston Savin Hill",83,915,14.9,14.9,6.28807,0,18.1,"0",0.74,6.341,96.4,2.072,24,666,20.2,318.01,17.79,c(238080.757130556;881920.328652932),238080.757130556,881920.328652932
"448","Boston Savin Hill",83,916,12.6,12.6,9.92485,0,18.1,"0",0.74,6.251,96.6,2.198,24,666,20.2,388.52,16.44,c(238247.653040997;881610.223816367),238247.653040997,881610.223816367
"449","Boston Savin Hill",83,917,14.1,14.1,9.32909,0,18.1,"0",0.713,6.185,98.7,2.2616,24,666,20.2,396.9,18.13,c(238001.028508607;881386.740360771),238001.028508607,881386.740360771
"450","Boston Savin Hill",83,918,13,13,7.52601,0,18.1,"0",0.713,6.417,98.3,2.185,24,666,20.2,304.21,19.31,c(237768.23170901;881663.174990618),237768.23170901,881663.174990618
"451","Boston Savin Hill",83,919,13.4,13.4,6.71772,0,18.1,"0",0.713,6.749,92.6,2.3236,24,666,20.2,0.32,17.44,c(237505.958829292;881273.013373313),237505.958829292,881273.013373313
"452","Boston Savin Hill",83,920,15.2,15.2,5.44114,0,18.1,"0",0.713,6.655,98.2,2.3552,24,666,20.2,355.29,17.73,c(237919.912647915;881108.617187071),237919.912647915,881108.617187071
"453","Boston Savin Hill",83,921,16.1,16.1,5.09017,0,18.1,"0",0.713,6.297,91.8,2.3682,24,666,20.2,385.09,17.27,c(238498.509670948;881056.217306333),238498.509670948,881056.217306333
"454","Boston Savin Hill",83,922,17.8,17.8,8.24809,0,18.1,"0",0.713,7.393,99.3,2.4527,24,666,20.2,375.87,16.74,c(238004.023564028;880831.384235698),238004.023564028,880831.384235698
"455","Boston Savin Hill",83,923,14.9,14.4,9.51363,0,18.1,"0",0.713,6.728,94.1,2.4961,24,666,20.2,6.68,18.71,c(237549.750326446;880806.734092874),237549.750326446,880806.734092874
"456","Boston Savin Hill",83,924,14.1,14.1,4.75237,0,18.1,"0",0.713,6.525,86.5,2.4358,24,666,20.2,50.92,18.13,c(237094.655506373;880937.612999691),237094.655506373,880937.612999691
"457","Boston Dorchester",84,1001,12.7,12.7,4.66883,0,18.1,"0",0.713,5.976,87.9,2.5806,24,666,20.2,10.48,19.01,c(237039.451715952;880437.48824899),237039.451715952,880437.48824899
"458","Boston Dorchester",84,1002,13.5,13.5,8.20058,0,18.1,"0",0.713,5.936,80.3,2.7792,24,666,20.2,3.5,16.94,c(237058.020090924;880048.82605513),237058.020090924,880048.82605513
"459","Boston Dorchester",84,1003,14.9,14.9,7.75223,0,18.1,"0",0.713,6.301,83.7,2.7831,24,666,20.2,272.21,16.23,c(237389.112558518;879939.500567647),237389.112558518,879939.500567647
"460","Boston Dorchester",84,1004,20,20,6.80117,0,18.1,"0",0.713,6.081,84.4,2.7175,24,666,20.2,396.9,14.7,c(237760.934446894;879941.482929945),237760.934446894,879941.482929945
"461","Boston Dorchester",84,1005,16.4,16.4,4.81213,0,18.1,"0",0.713,6.701,90,2.5975,24,666,20.2,255.23,16.42,c(237758.673052941;880363.553057767),237758.673052941,880363.553057767
"462","Boston Dorchester",84,1006,17.7,17.7,3.69311,0,18.1,"0",0.713,6.376,88.4,2.5671,24,666,20.2,391.43,14.65,c(238418.620510434;880555.946316216),238418.620510434,880555.946316216
"463","Boston Dorchester",84,1007,19.5,19.5,6.65492,0,18.1,"0",0.713,6.317,83,2.7344,24,666,20.2,396.9,13.99,c(238752.153601073;880002.400617187),238752.153601073,880002.400617187
"464","Boston Dorchester",84,1008,20.2,20.2,5.82115,0,18.1,"0",0.713,6.513,89.9,2.8016,24,666,20.2,393.82,10.29,c(238356.755967948;879778.089031314),238356.755967948,879778.089031314
"465","Boston Dorchester",84,1009,21.4,21.4,7.83932,0,18.1,"0",0.655,6.209,65.4,2.9634,24,666,20.2,396.9,13.22,c(237598.642781563;879385.244361009),237598.642781563,879385.244361009
"466","Boston Dorchester",84,1010,19.9,19.9,3.1636,0,18.1,"0",0.655,5.759,48.2,3.0665,24,666,20.2,334.4,14.13,c(236771.727088822;879491.955833304),236771.727088822,879491.955833304
"467","Boston Dorchester",84,1011,19,19,3.77498,0,18.1,"0",0.655,5.952,84.7,2.8715,24,666,20.2,22.01,17.15,c(236769.6989191;879880.704657766),236769.6989191,879880.704657766
"468","Boston Mattapan",85,1101,19.1,19.1,4.42228,0,18.1,"0",0.584,6.003,94.5,2.5403,24,666,20.2,331.29,21.32,c(235855.423996765;880931.198566459),235855.423996765,880931.198566459
"469","Boston Mattapan",85,1102,19.1,19.1,15.5757,0,18.1,"0",0.58,5.926,71,2.9084,24,666,20.2,368.74,18.13,c(235530.561520785;879818.811776968),235530.561520785,879818.811776968
"470","Boston Mattapan",85,1103,20.1,20.1,13.0751,0,18.1,"0",0.58,5.713,56.7,2.8237,24,666,20.2,396.9,14.76,c(235610.664420558;880319.049444722),235610.664420558,880319.049444722
"471","Boston Mattapan",85,1104,19.9,19.9,4.34879,0,18.1,"0",0.58,6.167,84,3.0334,24,666,20.2,396.9,16.29,c(235200.047430445;879817.153303043),235200.047430445,879817.153303043
"472","Boston Mattapan",85,1105,19.6,19.6,4.03841,0,18.1,"0",0.532,6.229,90.7,3.0993,24,666,20.2,395.33,12.87,c(234496.726131439;880013.608873225),234496.726131439,880013.608873225
"473","Boston Mattapan",85,1106,23.2,23.2,3.56868,0,18.1,"0",0.58,6.437,75,2.8965,24,666,20.2,393.37,14.36,c(234427.803492832;880590.856825154),234427.803492832,880590.856825154
"474","Boston Forest Hills",86,1201,29.8,29.8,4.64689,0,18.1,"0",0.614,6.98,67.6,2.5329,24,666,20.2,374.68,11.66,c(235257.257804168;881594.625914221),235257.257804168,881594.625914221
"475","Boston Forest Hills",86,1202,13.8,13.8,8.05579,0,18.1,"0",0.584,5.427,95.4,2.4298,24,666,20.2,352.58,18.14,c(236761.296489105;881491.237912423),236761.296489105,881491.237912423
"476","Boston Forest Hills",86,1203,13.3,13.3,6.39312,0,18.1,"0",0.584,6.162,97.4,2.206,24,666,20.2,302.76,24.1,c(237080.606850818;882037.176047619),237080.606850818,882037.176047619
"477","Boston Forest Hills",86,1204,16.7,16.7,4.87141,0,18.1,"0",0.614,6.484,93.6,2.3053,24,666,20.2,396.21,18.68,c(236634.495497126;882045.949783257),236634.495497126,882045.949783257
"478","Boston Forest Hills",86,1205,12,12,15.0234,0,18.1,"0",0.614,5.304,97.3,2.1007,24,666,20.2,349.48,24.91,c(236937.794973959;882491.831604079),236937.794973959,882491.831604079
"479","Boston Forest Hills",86,1206,14.6,14.6,10.233,0,18.1,"0",0.614,6.185,96.7,2.1705,24,666,20.2,379.7,18.03,c(236690.408333507;882412.786704425),236690.408333507,882412.786704425
"480","Boston Forest Hills",86,1207,21.4,21.4,14.3337,0,18.1,"0",0.614,6.229,88,1.9512,24,666,20.2,383.32,13.11,c(235763.504953449;882763.459038937),235763.504953449,882763.459038937
"481","Boston West Roxbury",87,1301,23,23,5.82401,0,18.1,"0",0.532,6.242,64.7,3.4242,24,666,20.2,396.9,10.74,c(232982.482039989;880472.870136266),232982.482039989,880472.870136266
"482","Boston West Roxbury",87,1302,23.7,23.7,5.70818,0,18.1,"0",0.532,6.75,74.9,3.3317,24,666,20.2,393.07,7.74,c(233462.210253145;880364.057711166),233462.210253145,880364.057711166
"483","Boston West Roxbury",87,1303,25,25,5.73116,0,18.1,"0",0.532,7.061,77,3.4106,24,666,20.2,395.28,7.01,c(233878.791153176;879644.067408261),233878.791153176,879644.067408261
"484","Boston West Roxbury",87,1304,21.8,21.8,2.81838,0,18.1,"0",0.532,5.762,40.3,4.0983,24,666,20.2,392.92,10.42,c(233262.049374849;879008.009249975),233262.049374849,879008.009249975
"485","Boston Hyde Park",88,1401,20.6,20.6,2.37857,0,18.1,"0",0.583,5.871,41.9,3.724,24,666,20.2,370.73,13.34,c(234678.874339965;878259.535799998),234678.874339965,878259.535799998
"486","Boston Hyde Park",88,1402,21.2,21.2,3.67367,0,18.1,"0",0.583,6.312,51.9,3.9917,24,666,20.2,388.62,10.58,c(235129.871126348;877317.642593272),235129.871126348,877317.642593272
"487","Boston Hyde Park",88,1403,19.1,19.1,5.69175,0,18.1,"0",0.583,6.114,79.8,3.5459,24,666,20.2,392.68,14.98,c(235413.872623052;878374.263636747),235413.872623052,878374.263636747
"488","Boston Hyde Park",88,1404,20.6,20.6,4.83567,0,18.1,"0",0.583,5.905,53.2,3.1523,24,666,20.2,388.22,11.45,c(235947.669208826;879043.408833658),235947.669208826,879043.408833658
"489","Chelsea",89,1601,15.2,15.2,0.15086,0,27.74,"0",0.609,5.454,92.7,1.8209,4,711,20.1,395.09,18.06,c(239711.272992635;887216.509743204),239711.272992635,887216.509743204
"490","Chelsea",89,1602,7,7,0.18337,0,27.74,"0",0.609,5.414,98.3,1.7554,4,711,20.1,344.05,23.97,c(239389.919270143;887114.736425211),239389.919270143,887114.736425211
"491","Chelsea",89,1604,8.1,8.1,0.20746,0,27.74,"0",0.609,5.093,98,1.8226,4,711,20.1,318.43,29.68,c(239247.552839124;887480.491046602),239247.552839124,887480.491046602
"492","Chelsea",89,1605,13.6,13.6,0.10574,0,27.74,"0",0.609,5.983,98.8,1.8681,4,711,20.1,390.11,18.07,c(239948.249115325;887639.938210753),239948.249115325,887639.938210753
"493","Chelsea",89,1606,20.1,20.1,0.11132,0,27.74,"0",0.609,5.983,83.5,2.1099,4,711,20.1,396.9,13.35,c(238813.513388433;888355.583093655),238813.513388433,888355.583093655
"494","Revere",90,1701,21.8,21.8,0.17331,0,9.69,"0",0.585,5.707,54,2.3817,6,391,19.2,396.9,12.01,c(240232.049321937;888530.161486687),240232.049321937,888530.161486687
"495","Revere",90,1702,24.5,24.5,0.27957,0,9.69,"0",0.585,5.926,42.6,2.3817,6,391,19.2,396.9,13.59,c(240229.63697195;888952.236567477),240229.63697195,888952.236567477
"496","Revere",90,1703,23.1,23.1,0.17899,0,9.69,"0",0.585,5.67,28.8,2.7986,6,391,19.2,393.29,17.6,c(240391.683889148;889475.222380145),240391.683889148,889475.222380145
"497","Revere",90,1704,19.7,19.7,0.2896,0,9.69,"0",0.585,5.39,72.9,2.7986,6,391,19.2,396.9,21.14,c(241177.00857943;889235.405409396),241177.00857943,889235.405409396
"498","Revere",90,1705,18.3,18.3,0.26838,0,9.69,"0",0.585,5.794,70.6,2.8927,6,391,19.2,396.9,14.1,c(241698.780808452;888916.356240212),241698.780808452,888916.356240212
"499","Revere",90,1706,21.2,21.2,0.23912,0,9.69,"0",0.585,6.019,65.3,2.4091,6,391,19.2,396.9,12.92,c(240851.448247638;888455.975665117),240851.448247638,888455.975665117
"500","Revere",90,1707,17.5,17.5,0.17783,0,9.69,"0",0.585,5.569,73.5,2.3999,6,391,19.2,395.77,15.1,c(241389.507913322;888181.428689104),241389.507913322,888181.428689104
"501","Revere",90,1708,16.8,16.8,0.22438,0,9.69,"0",0.585,6.027,79.7,2.4982,6,391,19.2,396.9,14.33,c(241929.263466532;887629.242849854),241929.263466532,887629.242849854
"502","Winthrop",91,1801,22.4,22.4,0.06263,0,11.93,"0",0.573,6.593,69.1,2.4786,1,273,21,391.99,9.67,c(242429.036509637;886876.920746448),242429.036509637,886876.920746448
"503","Winthrop",91,1802,20.6,20.6,0.04527,0,11.93,"0",0.573,6.12,76.7,2.2875,1,273,21,396.9,9.08,c(242018.760063118;886463.479880083),242018.760063118,886463.479880083
"504","Winthrop",91,1803,23.9,23.9,0.06076,0,11.93,"0",0.573,6.976,91,2.1675,1,273,21,396.9,5.64,c(241706.054510392;886295.007179973),241706.054510392,886295.007179973
"505","Winthrop",91,1804,22,22,0.10959,0,11.93,"0",0.573,6.794,89.3,2.3889,1,273,21,393.45,6.48,c(242310.023002092;886076.458907733),242310.023002092,886076.458907733
"506","Winthrop",91,1805,11.9,19,0.04741,0,11.93,"0",0.573,6.03,80.8,2.505,1,273,21,396.9,7.88,c(242724.820348998;885745.736297388),242724.820348998,885745.736297388
