"","id","size","price","prpsqm","age","dist_metro","geometry"
"7836","7836",74,95000,1283.78378378,47,623.874637516,c(477144.121869812, 4207785.94701514)
"7238","7238",77,165000,2142.85714286,10,509.471980965,c(475649.496232341, 4207224.48434678)
"368","368",85,22000,258.823529412,42,862.132568594,c(477269.915412175, 4201115.06982271)
"938","938",85,225000,2647.05882353,51,5.46150549684,c(476099.463577615, 4202088.22521719)
"6693","6693",102,50000,490.196078431,37,312.350026121,c(476260.61029802, 4206306.88143337)
"1953","1953",150,500000,3333.33333333,37,485.829812988,c(477290.731701363, 4203247.75432145)
"4950","4950",70,105000,1500,1,892.577423737,c(478399.553645538, 4205375.52018798)
"5037","5037",35,8500,242.857142857,47,966.710339687,c(476882.288098895, 4205443.77518189)
"7673","7673",100,160000,1600,11,737.181065907,c(476985.251056293, 4207504.34492366)
"6681","6681",71,31000,436.61971831,57,296.557268355,c(475656.197261241, 4206286.12544902)
"7670","7670",70,145000,2071.42857143,8,737.181065907,c(476985.251056293, 4207504.34492366)
"1958","1958",106,440000,4150.94339623,47,505.312512046,c(476869.470017754, 4203257.58171879)
"1937","1937",80,250000,3125,37,533.777917867,c(476962.27713838, 4203218.26583379)
"6788","6788",68,40000,588.235294118,49,1716.735767,c(477718.245205176, 4206518.60760494)
"5957","5957",33,59000,1787.87878788,10,692.649071411,c(476447.878554748, 4205850.8769444)
"1003","1003",105,285000,2714.28571429,52,806.509102766,c(477573.946683739, 4202113.36871864)
"1686","1686",112,250000,2232.14285714,52,416.776293826,c(477279.20918132, 4203114.08733521)
"816","816",82,280000,3414.63414634,7,197.89322337,c(476193.486039052, 4201919.08191954)
"2542","2542",105,265000,2523.80952381,11,872.567314082,c(479444.992371358, 4204003.34492525)
"848","848",73,100000,1369.8630137,42,759.830944368,c(475154.547303801, 4201950.88915685)
"5859","5859",114,390000,3421.05263158,5,1013.40608381,c(478986.27674232, 4205803.94628077)
"5058","5058",64,49000,765.625,53,213.145910885,c(475687.28735588, 4205458.98253039)
"6847","6847",45,13000,288.888888889,47,388.025174775,c(475734.589973165, 4206671.12618839)
"5249","5249",105,160000,1523.80952381,5,819.928812501,c(476438.206633351, 4205570.08042047)
"6738","6738",53,35000,660.377358491,4,611.346786765,c(475341.087806034, 4206394.02449783)
"4991","4991",96,65000,677.083333333,36,1536.638043,c(477569.861756079, 4205416.24120186)
"4829","4829",100,240000,2400,11,487.976996951,c(480278.237954785, 4205273.49839303)
"182","182",70,45000,642.857142857,39,361.872505618,c(475657.294793766, 4200780.38399892)
"2416","2416",43,65000,1511.62790698,10,317.459502224,c(475663.077945988, 4203864.5375825)
"152","152",90,105000,1166.66666667,23,647.752417839,c(475371.16826689, 4200751.49940884)
"7608","7608",50,28000,560,47,903.514521035,c(477141.711615331, 4207424.24328908)
"2330","2330",75,50000,666.666666667,47,62.0969113719,c(475923.605193642, 4203765.68800179)
"1236","1236",65,55000,846.153846154,52,426.273524412,c(477516.708202975, 4202510.51524734)
"2818","2818",28,17000,607.142857143,47,175.498223352,c(478646.926962875, 4204036.77563495)
"2458","2458",130,200000,1538.46153846,47,340.897789281,c(478736.905023896, 4203888.30909637)
"4296","4296",50,19500,390,47,324.30899586,c(475546.955639991, 4205095.46995821)
"4597","4597",80,90000,1125,44,257.035610034,c(475485.76026977, 4205155.67821275)
"6812","6812",105,120000,1142.85714286,6,572.37743452,c(476513.950428033, 4206575.10626052)
"4753","4753",130,145000,1115.38461538,45,438.585874725,c(479222.963241617, 4205208.30135947)
"225","225",97,150000,1546.39175258,32,193.10053399,c(476634.084584875, 4200867.87045618)
"1056","1056",70,100000,1428.57142857,45,699.655504013,c(477606.028063317, 4202218.13213617)
"5211","5211",38,19000,500,49,819.928812501,c(476438.206633351, 4205570.08042047)
"6787","6787",68,60000,882.352941176,47,211.291684697,c(475846.062412369, 4206516.01690116)
"7529","7529",113,140000,1238.9380531,8,509.471980965,c(475649.496232341, 4207224.48434678)
"6687","6687",26,14000,538.461538462,45,1429.43362671,c(477378.244677886, 4206296.51855774)
"4520","4520",105,47000,447.619047619,39,257.035610034,c(475485.76026977, 4205155.67821275)
"4551","4551",85,140000,1647.05882353,9,257.035610034,c(475485.76026977, 4205155.67821275)
"7668","7668",51,40000,784.31372549,43,737.181065907,c(476985.251056293, 4207504.34492366)
"2964","2964",35,17000,485.714285714,47,980.237267425,c(477521.660442727, 4204098.79884813)
"1061","1061",52,28000,538.461538462,49,695.483549278,c(477484.525481003, 4202240.21026622)
"3431","3431",30,24000,800,50,1117.58307573,c(477253.498950401, 4204552.00424115)
"7988","7988",102,160000,1568.62745098,27,356.040151962,c(475973.868593896, 4207862.40401038)
"6542","6542",87,90000,1034.48275862,1,1547.80562599,c(477483.122486071, 4206124.47417659)
"6283","6283",82,148000,1804.87804878,9,1243.88697312,c(477143.678258409, 4205984.38822248)
"5979","5979",81,39000,481.481481481,60,692.649071411,c(476447.878554748, 4205850.8769444)
"1468","1468",96,220000,2291.66666667,7,148.866297613,c(475192.662766616, 4202881.22965556)
"875","875",107,165000,1542.05607477,15,173.612506775,c(474116.601008359, 4201988.92771765)
"2338","2338",50,30000,600,47,62.0969113719,c(475923.605193642, 4203765.68800179)
"7607","7607",50,25000,500,41,633.685226792,c(475683.443055374, 4207423.87951059)
"1322","1322",600,5500000,9166.66666667,42,434.779149855,c(477267.797432034, 4202702.59304695)
"1904","1904",87,115000,1321.83908046,42,394.983667311,c(474129.339724353, 4203190.62585715)
"3213","3213",70,48000,685.714285714,53,588.126644043,c(477969.049865062, 4204384.95859044)
"5129","5129",81,42000,518.518518519,52,746.800071624,c(476307.886627715, 4205530.2895608)
"1787","1787",113,245000,2168.14159292,57,287.648050046,c(477854.902702246, 4203114.6267398)
"4232","4232",104,60000,576.923076923,60,860.874912268,c(476972.176581671, 4205092.13254226)
"4609","4609",87,82000,942.528735632,43,257.035610034,c(475485.76026977, 4205155.67821275)
"5690","5690",100,39000,390,37,703.982067187,c(476153.691972713, 4205614.39448906)
"2954","2954",44,31000,704.545454545,52,1075.52936125,c(477211.639838097, 4204085.78230436)
"3830","3830",67,19000,283.582089552,52,280.373590895,c(475576.749374954, 4204809.34245008)
"4147","4147",28,20000,714.285714286,44,492.437361796,c(479775.641259541, 4205050.36970605)
"1603","1603",74,90000,1216.21621622,9,258.260669541,c(476022.922383274, 4203040.64961269)
"4020","4020",33,15000,454.545454545,39,741.860892242,c(474649.073125273, 4204953.06168394)
"7648","7648",100,135000,1350,16,737.181065907,c(476985.251056293, 4207504.34492366)
"6846","6846",94,47000,500,47,383.317605661,c(476340.107807254, 4206658.70932663)
"2518","2518",102,105000,1029.41176471,37,924.864415863,c(479510.965727725, 4203977.77222302)
"1259","1259",87,80000,919.540229885,47,603.500938947,c(478170.029651399, 4202588.86560539)
"3670","3670",78,168000,2153.84615385,7,1024.10440128,c(477638.293089734, 4204686.09095707)
"748","748",53,29000,547.169811321,44,1221.72340369,c(478234.11422718, 4201845.64314793)
"5433","5433",148,252000,1702.7027027,11,819.928812501,c(476438.206633351, 4205570.08042047)
"7464","7464",82,164000,2000,8,509.471980965,c(475649.496232341, 4207224.48434678)
"912","912",119,70000,588.235294118,62,956.181554656,c(478010.713258502, 4202032.63762401)
"2414","2414",78,165000,2115.38461538,9,317.459502224,c(475663.077945988, 4203864.5375825)
"4657","4657",74,39000,527.027027027,49,257.035610034,c(475485.76026977, 4205155.67821275)
"5004","5004",185,130000,702.702702703,47,842.06936454,c(476715.175999111, 4205433.59503817)
"744","744",98,132000,1346.93877551,41,1194.97378659,c(478165.762291007, 4201840.49829058)
"2909","2909",246,150000,609.756097561,47,742.963866675,c(476724.983480929, 4204058.85129836)
"1288","1288",51,69000,1352.94117647,46,534.892155783,c(478138.590870488, 4202656.74138667)
"5722","5722",43,40000,930.23255814,55,710.737365155,c(476211.187727003, 4205670.92538027)
"2898","2898",85,150000,1764.70588235,48,742.963866675,c(476724.983480929, 4204058.85129836)
"7325","7325",82,172000,2097.56097561,11,509.471980965,c(475649.496232341, 4207224.48434678)
"6300","6300",45,65000,1444.44444444,6,1243.88697312,c(477143.678258409, 4205984.38822248)
"4136","4136",32,30000,937.5,11,338.555522464,c(478846.391781469, 4205042.27548429)
"584","584",54,80000,1481.48148148,10,306.216483336,c(476147.379112334, 4201618.64310867)
"639","639",70,85000,1214.28571429,47,1322.06470392,c(478038.514402868, 4201654.10261817)
"759","759",70,155000,2214.28571429,6,271.827200212,c(475693.759705788, 4201853.97029235)
"4059","4059",50,20000,400,43,306.492564796,c(475915.034697918, 4204977.43833282)
"5402","5402",104,260000,2500,14,819.928812501,c(476438.206633351, 4205570.08042047)
"3216","3216",135,100000,740.740740741,49,491.564843482,c(478080.668899328, 4204389.09870462)
"4875","4875",73,44000,602.739726027,42,655.315851328,c(479764.895756519, 4205286.83792224)
"6432","6432",72,35000,486.111111111,47,426.875601372,c(475626.620115218, 4206052.1000983)
"4506","4506",105,110000,1047.61904762,43,257.035610034,c(475485.76026977, 4205155.67821275)
"4200","4200",68,75000,1102.94117647,43,860.874912268,c(476972.176581671, 4205092.13254226)
"7654","7654",98,180000,1836.73469388,16,737.181065907,c(476985.251056293, 4207504.34492366)
"7118","7118",48,21000,437.5,55,909.181306797,c(476953.897031661, 4206934.57266266)
"1825","1825",62,340000,5483.87096774,49,531.83183625,c(477028.232077264, 4203155.05997956)
"6754","6754",72,28000,388.888888889,51,545.525150607,c(476483.199036763, 4206443.38082213)
"2144","2144",75,85000,1133.33333333,31,624.745212114,c(478756.44274248, 4203564.38598317)
"3270","3270",107,180000,1682.24299065,47,1098.21318411,c(477443.801848679, 4204431.09575073)
"6087","6087",82,60000,731.707317073,57,1297.1000436,c(477158.970217788, 4205863.62797041)
"7897","7897",90,175000,1944.44444444,9,623.874637516,c(477144.121869812, 4207785.94701514)
"7905","7905",106,200000,1886.79245283,46,623.874637516,c(477144.121869812, 4207785.94701514)
"4340","4340",61,125000,2049.18032787,2,417.389468601,c(479975.543469434, 4205147.52013179)
"653","653",160,585000,3656.25,15,501.829236123,c(476402.331090122, 4201692.91280472)
"1176","1176",35,28000,800,54,505.858156958,c(477654.332943714, 4202410.8375156)
"3224","3224",61,35000,573.770491803,47,263.482371839,c(478443.423382911, 4204391.69117815)
"460","460",44,38000,863.636363636,60,578.037508235,c(476416.58605237, 4201302.87165832)
"1792","1792",160,540000,3375,47,348.488040904,c(477363.538450667, 4203120.40125911)
"2642","2642",100,170000,1700,9,175.498223352,c(478646.926962875, 4204036.77563495)
"2801","2801",95,130000,1368.42105263,11,175.498223352,c(478646.926962875, 4204036.77563495)
"5103","5103",75,36000,480,51,251.839354587,c(475245.356357394, 4205506.01430285)
"5995","5995",46,20000,434.782608696,48,692.649071411,c(476447.878554748, 4205850.8769444)
"6203","6203",70,23000,328.571428571,43,538.034679557,c(476338.448501343, 4205960.14785573)
"4776","4776",35,19000,542.857142857,39,247.379513456,c(475638.650804109, 4205223.46044175)
"870","870",90,180000,2000,50,560.926691856,c(476649.359033993, 4201979.13347093)
"404","404",78,115000,1474.35897436,6,333.699760657,c(476209.928620807, 4201134.48451603)
"2785","2785",49,20000,408.163265306,57,175.498223352,c(478646.926962875, 4204036.77563495)
"492","492",36,54000,1500,0,671.888065323,c(476605.710106504, 4201393.8685182)
"2902","2902",55,23000,418.181818182,48,742.963866675,c(476724.983480929, 4204058.85129836)
"2141","2141",93,350000,3763.44086022,47,449.884061708,c(477883.767345727, 4203561.24719873)
"5112","5112",55,16000,290.909090909,47,112.526807973,c(475426.680460434, 4205512.12755924)
"6871","6871",106,63000,594.339622642,63,568.657336504,c(476566.560924697, 4206676.47904655)
"4683","4683",28,15000,535.714285714,54,257.035610034,c(475485.76026977, 4205155.67821275)
"5001","5001",40,32000,800,41,206.220848343,c(475684.827530746, 4205428.81034426)
"7425","7425",74,120000,1621.62162162,9,509.471980965,c(475649.496232341, 4207224.48434678)
"6752","6752",55,110000,2000,5,500.848813816,c(475460.268298453, 4206440.04660103)
"2184","2184",119,290000,2436.97478992,8,907.417274283,c(479261.772296807, 4203639.6556614)
"3226","3226",88,106000,1204.54545455,11,525.878672196,c(474886.718626486, 4204392.45921232)
"3841","3841",60,90000,1500,2,54.3428741426,c(479127.491629583, 4204815.32374563)
"1560","1560",235,850000,3617.0212766,35,162.38299368,c(477506.802656238, 4202999.84613919)
"7530","7530",54,70000,1296.2962963,8,509.471980965,c(475649.496232341, 4207224.48434678)
"7386","7386",93,110000,1182.79569892,59,509.471980965,c(475649.496232341, 4207224.48434678)
"5630","5630",73,50000,684.931506849,42,819.928812501,c(476438.206633351, 4205570.08042047)
"954","954",72,115000,1597.22222222,7,276.657259061,c(474553.486281113, 4202096.85421467)
"2198","2198",50,55000,1100,52,617.6307761,c(478896.057132277, 4203659.66870891)
"245","245",48,68000,1416.66666667,11,136.134392102,c(475877.465105624, 4200906.44452051)
"8175","8175",111,160000,1441.44144144,15,1274.35412403,c(477928.464047729, 4208435.10430786)
"4022","4022",80,143000,1787.5,5,741.860892242,c(474649.073125273, 4204953.06168394)
"5419","5419",140,90000,642.857142857,36,819.928812501,c(476438.206633351, 4205570.08042047)
"6194","6194",52,14000,269.230769231,41,416.860784571,c(475783.29189401, 4205949.226542)
"2391","2391",94,70000,744.680851064,43,455.004413546,c(478851.303760326, 4203843.96599663)
"371","371",75,70000,933.333333333,37,862.132568594,c(477269.915412175, 4201115.06982271)
"1685","1685",86,155000,1802.3255814,42,416.776293826,c(477279.20918132, 4203114.08733521)
"4625","4625",41,25000,609.756097561,49,257.035610034,c(475485.76026977, 4205155.67821275)
"1509","1509",82,200000,2439.02439024,12,593.260033489,c(473994.064103675, 4202932.41945134)
"142","142",60,42000,700,47,36.3138430298,c(476531.915173714, 4200744.2264237)
"7846","7846",37,25000,675.675675676,50,623.874637516,c(477144.121869812, 4207785.94701514)
"6603","6603",88,140000,1590.90909091,8,1687.24696829,c(477632.348529955, 4206213.49576626)
"6012","6012",50,30000,600,48,1297.1000436,c(477158.970217788, 4205863.62797041)
"5505","5505",72,131000,1819.44444444,9,819.928812501,c(476438.206633351, 4205570.08042047)
"4874","4874",106,165000,1556.60377358,5,1388.99278239,c(477722.013745988, 4205284.45861049)
"3532","3532",1250,1800000,1440,53,291.706197688,c(476358.891894367, 4204581.26620294)
"1865","1865",72,195000,2708.33333333,46,308.198367024,c(477469.23671114, 4203168.93075538)
"1009","1009",42,40000,952.380952381,42,806.509102766,c(477573.946683739, 4202113.36871864)
"3612","3612",55,42000,763.636363636,46,913.215284993,c(477743.638066264, 4204644.53063046)
"8049","8049",90,180000,2000,7,356.040151962,c(475973.868593896, 4207862.40401038)
"7393","7393",80,160000,2000,8,509.471980965,c(475649.496232341, 4207224.48434678)
"7184","7184",49,46000,938.775510204,53,327.279164029,c(476360.900612866, 4206990.06929645)
"7470","7470",105,170000,1619.04761905,7,509.471980965,c(475649.496232341, 4207224.48434678)
"2211","2211",103,220000,2135.9223301,2,760.829487787,c(477558.019072252, 4203681.40373019)
"535","535",98,180000,1836.73469388,16,378.054094389,c(475478.349688222, 4201519.64124612)
"4606","4606",50,50000,1000,52,257.035610034,c(475485.76026977, 4205155.67821275)
"5144","5144",123,105000,853.658536585,47,794.105746793,c(476396.639374311, 4205556.66325645)
"1377","1377",53,11000,207.547169811,47,905.370065848,c(478902.300135438, 4202702.79238062)
"3931","3931",60,21000,350,47,148.687670099,c(476059.700228467, 4204904.34121308)
"3822","3822",65,55000,846.153846154,47,925.575266666,c(477863.490322089, 4204805.42286581)
"7196","7196",29,8000,275.862068966,59,199.500489694,c(476159.923894323, 4207066.87525883)
"53","53",98,85000,867.346938776,42,565.832967634,c(475575.827679161, 4200503.68633545)
"7430","7430",50,45000,900,45,509.471980965,c(475649.496232341, 4207224.48434678)
"5399","5399",103,100000,970.873786408,45,819.928812501,c(476438.206633351, 4205570.08042047)
"724","724",40,27000,675,52,391.639059753,c(475491.664555767, 4201802.19957203)
"5184","5184",48,65000,1354.16666667,5,1041.36361311,c(476874.094473325, 4205558.63538386)
"7816","7816",85,200000,2352.94117647,2,623.874637516,c(477144.121869812, 4207785.94701514)
"39","39",50,27000,540,42,945.700492844,c(475157.414318343, 4200455.78577263)
"4034","4034",95,65000,684.210526316,60,741.860892242,c(474649.073125273, 4204953.06168394)
"1482","1482",50,35000,700,46,313.867467496,c(478228.004163607, 4202890.28287832)
"1963","1963",77,199000,2584.41558442,52,378.748121806,c(477504.373148156, 4203267.80503682)
"6173","6173",80,31000,387.5,42,485.089647163,c(476198.726414053, 4205915.61480005)
"2353","2353",103,240000,2330.09708738,2,798.872204976,c(477080.675026448, 4203790.01114403)
"7143","7143",84,145000,1726.19047619,25,979.805592466,c(477023.740188789, 4206954.23793594)
"3255","3255",27,12000,444.444444444,47,626.569951014,c(477942.797096295, 4204418.75876866)
"707","707",45,30000,666.666666667,52,1180.47633238,c(477945.990256281, 4201774.84480079)
"5820","5820",105,70000,666.666666667,42,338.912715257,c(475449.956069011, 4205750.27616404)
"6698","6698",40,57000,1425,9,1367.00619266,c(477316.137682313, 4206314.22035206)
"1015","1015",47,47000,1000,50,87.4192145559,c(474247.089666296, 4202117.22431009)
"865","865",95,260000,2736.84210526,37,305.943711886,c(475819.714279715, 4201971.54268162)
"4337","4337",116,88000,758.620689655,47,417.389468601,c(479975.543469434, 4205147.52013179)
"14","14",95,50000,526.315789474,49,676.927828508,c(475647.779226971, 4200295.65821434)
"3883","3883",43,60000,1395.34883721,14,585.254075587,c(478495.215696386, 4204856.00696388)
"3872","3872",60,35000,583.333333333,38,370.781074224,c(475659.398779361, 4204846.82169682)
"5876","5876",35,17000,485.714285714,50,514.655857173,c(476036.566792829, 4205824.43788738)
"3391","3391",49,40000,816.326530612,47,1044.66085225,c(477542.561256633, 4204549.65688097)
"4286","4286",30,20000,666.666666667,42,860.874912268,c(476972.176581671, 4205092.13254226)
"215","215",66,48500,734.848484848,45,246.201886093,c(476251.571429973, 4200831.12956619)
"3118","3118",225,145000,644.444444444,47,450.369518725,c(475987.28719663, 4204251.8116013)
"5587","5587",100,65000,650,53,819.928812501,c(476438.206633351, 4205570.08042047)
"7928","7928",135,250000,1851.85185185,13,623.867479114,c(477144.209952401, 4207786.05772435)
"4818","4818",85,40000,470.588235294,43,1422.91349598,c(477634.593329844, 4205263.17078773)
"1245","1245",104,300000,2884.61538462,63,435.029133939,c(476289.066635975, 4202533.48726984)
"2640","2640",78,130000,1666.66666667,8,175.498223352,c(478646.926962875, 4204036.77563495)
"6139","6139",110,55000,500,47,1130.23932851,c(476981.999374504, 4205872.44292145)
"5617","5617",80,50000,625,57,819.928812501,c(476438.206633351, 4205570.08042047)
"4219","4219",51,50000,980.392156863,55,860.874912268,c(476972.176581671, 4205092.13254226)
"1660","1660",55,55000,1000,49,170.743086648,c(474666.559299215, 4203104.29615139)
"7904","7904",120,155000,1291.66666667,32,623.874637516,c(477144.121869812, 4207785.94701514)
"2493","2493",56,130000,2321.42857143,57,1081.63225333,c(477314.711368483, 4203950.13427109)
"3110","3110",72,68000,944.444444444,42,926.622466886,c(476906.84278632, 4204244.74085332)
"262","262",56,80000,1428.57142857,32,898.543266418,c(477375.598575185, 4200924.60549305)
"7909","7909",130,249000,1915.38461538,11,623.874637516,c(477144.121869812, 4207785.94701514)
"331","331",71,55000,774.647887324,39,230.414307823,c(476118.91066135, 4201070.72803018)
"5655","5655",46,16000,347.826086957,47,278.824585505,c(475702.919504296, 4205579.09940424)
"2554","2554",71,48000,676.056338028,47,755.973075491,c(479249.755353003, 4204028.68810433)
"3439","3439",72,60000,833.333333333,42,642.855124411,c(478016.928411874, 4204557.36325405)
"5043","5043",125,145000,1160,12,966.710339687,c(476882.288098895, 4205443.77518189)
"2979","2979",147,120000,816.326530612,57,521.285527329,c(476391.445825194, 4204114.16885281)
"3408","3408",48,27000,562.5,39,1044.66085225,c(477542.561256633, 4204549.65688097)
"4536","4536",83,120000,1445.78313253,56,257.035610034,c(475485.76026977, 4205155.67821275)
"6536","6536",70,86000,1228.57142857,15,534.572235795,c(475460.701369012, 4206114.6170362)
"711","711",46,70000,1521.73913043,46,556.037296402,c(475307.225144142, 4201780.5601426)
"5918","5918",80,200000,2500,8,692.649071411,c(476447.878554748, 4205850.8769444)
"6670","6670",52,19000,365.384615385,42,794.239995111,c(476741.436582365, 4206274.66193659)
"7955","7955",52,25000,480.769230769,54,195.534288872,c(476140.949581824, 4207787.91064897)
"165","165",85,135000,1588.23529412,9,907.566150619,c(475105.748484052, 4200772.81285707)
"796","796",73,108000,1479.45205479,7,355.340297152,c(473960.374168993, 4201889.22965282)
"3966","3966",114,310000,2719.29824561,2,166.988314334,c(479012.453604216, 4204948.53849396)
"2497","2497",200,590000,2950,47,399.164151432,c(478857.206630716, 4203954.01653045)
"4281","4281",57,60000,1052.63157895,5,860.874912268,c(476972.176581671, 4205092.13254226)
"6039","6039",148,140000,945.945945946,54,1297.1000436,c(477158.970217788, 4205863.62797041)
"1170","1170",97,75000,773.195876289,37,505.858156958,c(477654.332943714, 4202410.8375156)
"1325","1325",65,120000,1846.15384615,13,905.370065848,c(478902.300135438, 4202702.79238062)
"7338","7338",52,112000,2153.84615385,7,509.471980965,c(475649.496232341, 4207224.48434678)
"1532","1532",50,50000,1000,47,524.87742833,c(478614.908054908, 4202967.6020421)
"47","47",96,150000,1562.5,14,401.885430142,c(475864.307156517, 4200493.40481454)
"4372","4372",90,90000,1000,54,257.146518869,c(475485.759938978, 4205155.56725986)
"2204","2204",21,8500,404.761904762,47,242.762399474,c(475767.02238914, 4203675.16579168)
"1247","1247",78,600000,7692.30769231,61,562.465200181,c(477230.365894087, 4202537.93090159)
"1882","1882",85,290000,3411.76470588,67,308.198367024,c(477469.23671114, 4203168.93075538)
"6176","6176",75,49000,653.333333333,47,461.849762552,c(475742.552651158, 4205918.61239898)
"5611","5611",65,40000,615.384615385,54,819.928812501,c(476438.206633351, 4205570.08042047)
"2208","2208",63,155000,2460.31746032,47,497.687716329,c(478047.694432199, 4203680.63805714)
"5938","5938",88,150000,1704.54545455,11,692.649071411,c(476447.878554748, 4205850.8769444)
"5624","5624",51,21000,411.764705882,51,819.928812501,c(476438.206633351, 4205570.08042047)
"6664","6664",90,140000,1555.55555556,13,664.98345816,c(475287.502292194, 4206266.03346869)
"2356","2356",60,130000,2166.66666667,1,854.042795919,c(479287.293572636, 4203800.69555498)
"430","430",135,350000,2592.59259259,7,1008.69354342,c(477384.995063341, 4201211.39312991)
"1474","1474",70,190000,2714.28571429,42,148.866297613,c(475192.662766616, 4202881.22965556)
"2235","2235",130,295000,2269.23076923,57,447.111558997,c(478583.777747444, 4203695.20337959)
"772","772",33,68000,2060.60606061,46,271.827200212,c(475693.759705788, 4201853.97029235)
"3525","3525",60,19000,316.666666667,52,862.764628568,c(477759.872805314, 4204575.91744655)
"7543","7543",73,110000,1506.84931507,7,509.471980965,c(475649.496232341, 4207224.48434678)
"7232","7232",35,21000,600,43,310.453566051,c(476089.765657606, 4207210.87564032)
"2595","2595",72,125000,1736.11111111,8,175.498223352,c(478646.926962875, 4204036.77563495)
"5230","5230",130,80000,615.384615385,62,819.928812501,c(476438.206633351, 4205570.08042047)
"4406","4406",85,85000,1000,10,257.035610034,c(475485.76026977, 4205155.67821275)
"3832","3832",45,55000,1222.22222222,12,817.943607379,c(478040.873922364, 4204810.7171913)
"3993","3993",67,95000,1417.91044776,12,741.860892242,c(474649.073125273, 4204953.06168394)
"2403","2403",148,290000,1959.45945946,52,336.391019943,c(478688.784169896, 4203855.36941743)
"1231","1231",53,62000,1169.81132075,44,614.290847258,c(474683.5931722, 4202503.54117653)
"1992","1992",84,220000,2619.04761905,3,261.449727498,c(474758.892185007, 4203313.93656481)
"4291","4291",66,130000,1969.6969697,13,860.874912268,c(476972.176581671, 4205092.13254226)
"5835","5835",40,80000,2000,15,990.003657626,c(478894.788250093, 4205767.67666848)
"2985","2985",67,50000,746.268656716,44,213.249274304,c(475520.618987453, 4204123.48232367)
"720","720",84,245000,2916.66666667,11,375.237420208,c(475507.106949762, 4201796.38403693)
"1023","1023",26,15000,576.923076923,53,133.699826384,c(474203.258037189, 4202144.76712687)
"2111","2111",35,36000,1028.57142857,55,717.724593425,c(477285.734231722, 4203537.24548466)
"3787","3787",50,50000,1000,39,72.8797976049,c(479150.098055476, 4204796.51532591)
"2889","2889",198,230000,1161.61616162,44,742.963866675,c(476724.983480929, 4204058.85129836)
"5347","5347",49,13500,275.510204082,42,819.928812501,c(476438.206633351, 4205570.08042047)
"5127","5127",100,45000,450,37,254.25195189,c(475252.09184751, 4205526.85336797)
"7223","7223",60,37000,616.666666667,50,323.503885097,c(476209.854642544, 4207182.12287496)
"138","138",90,65000,722.222222222,42,64.6372761334,c(476562.1250588, 4200740.4789536)
"5145","5145",74,100000,1351.35135135,5,367.667252777,c(474890.45112091, 4205557.01997763)
"5598","5598",103,130000,1262.13592233,7,819.928812501,c(476438.206633351, 4205570.08042047)
"5065","5065",61,35000,573.770491803,42,288.246013159,c(475196.693571004, 4205469.65712601)
"664","664",75,140000,1866.66666667,8,338.425753319,c(474197.328210815, 4201710.29198455)
"7416","7416",70,90000,1285.71428571,10,509.471980965,c(475649.496232341, 4207224.48434678)
"5559","5559",40,13000,325,51,819.928812501,c(476438.206633351, 4205570.08042047)
"7551","7551",50,17000,340,53,509.471980965,c(475649.496232341, 4207224.48434678)
"6340","6340",50,14000,280,57,1243.88697312,c(477143.678258409, 4205984.38822248)
"8186","8186",120,260000,2166.66666667,32,379.022109833,c(476712.314707222, 4208575.93305527)
"1183","1183",90,65000,722.222222222,42,505.858156958,c(477654.332943714, 4202410.8375156)
"6837","6837",41,22000,536.585365854,52,289.205593455,c(476163.952694409, 4206639.91223684)
"5983","5983",49,13000,265.306122449,51,692.649071411,c(476447.878554748, 4205850.8769444)
"3528","3528",40,80000,2000,5,746.045705334,c(477900.810533412, 4204577.42397296)
"4840","4840",80,125000,1562.5,27,1449.04387435,c(477531.283815368, 4205275.32433494)
"7431","7431",83,155000,1867.46987952,6,509.471980965,c(475649.496232341, 4207224.48434678)
"5636","5636",142,110000,774.647887324,47,819.928812501,c(476438.206633351, 4205570.08042047)
"3199","3199",64,45000,703.125,52,642.293700655,c(476643.940199619, 4204371.63720695)
"6327","6327",87,55000,632.183908046,49,1243.88697312,c(477143.678258409, 4205984.38822248)
"4517","4517",70,51000,728.571428571,43,257.035610034,c(475485.76026977, 4205155.67821275)
"4617","4617",92,53000,576.086956522,47,257.035610034,c(475485.76026977, 4205155.67821275)
"3371","3371",40,80000,2000,5,543.297730175,c(478130.133528978, 4204531.43139347)
"5199","5199",106,70000,660.377358491,41,1161.58414065,c(477031.371981904, 4205569.40098639)
"3448","3448",57,47000,824.561403509,39,1204.8303235,c(477375.764485631, 4204564.64871683)
"5015","5015",70,125000,1785.71428571,6,966.710339687,c(476882.288098895, 4205443.77518189)
"7595","7595",33,10000,303.03030303,49,483.054963851,c(476209.573381755, 4207357.87507279)
"3593","3593",50,22000,440,42,360.176635585,c(475842.027784873, 4204634.69436396)
"1858","1858",140,250000,1785.71428571,47,308.198367024,c(477469.23671114, 4203168.93075538)
"7041","7041",128,58000,453.125,47,816.911233186,c(476858.252134262, 4206823.88732526)
"413","413",63,210000,3333.33333333,10,894.133089634,c(477277.181501583, 4201169.6386502)
"1830","1830",84,225000,2678.57142857,1,113.307444411,c(474630.013942727, 4203157.99937316)
"1389","1389",158,750000,4746.83544304,48,435.968942564,c(477261.673328039, 4202711.26431351)
"4524","4524",86,65000,755.813953488,57,257.035610034,c(475485.76026977, 4205155.67821275)
"234","234",68,85000,1250,28,709.760346707,c(477191.441117386, 4200883.06215515)
"4044","4044",75,58000,773.333333333,46,1021.74355954,c(477909.409329862, 4204967.51359783)
"2457","2457",100,250000,2500,8,523.366624656,c(478962.591198267, 4203887.50747115)
"3691","3691",63,48000,761.904761905,52,265.153341483,c(478829.967391163, 4204698.91666499)
"2678","2678",54,40000,740.740740741,51,175.498223352,c(478646.926962875, 4204036.77563495)
"2987","2987",110,270000,2454.54545455,13,585.421595399,c(477915.851149103, 4204128.68770071)
"7195","7195",34,15000,441.176470588,42,491.688291082,c(476509.818754754, 4207064.64732611)
"7760","7760",70,38500,550,37,535.909376803,c(475811.367753555, 4207702.7737799)
"5910","5910",74,105000,1418.91891892,10,692.649071411,c(476447.878554748, 4205850.8769444)
"2272","2272",105,150000,1428.57142857,47,62.0969113719,c(475923.605193642, 4203765.68800179)
"4123","4123",75,50000,666.666666667,44,494.326831102,c(479760.483720359, 4205027.88340551)
"7172","7172",100,150000,1500,10,979.805592466,c(477023.740188789, 4206954.23793594)
"4794","4794",71,145000,2042.25352113,4,1339.67176562,c(477426.79829513, 4205242.76808048)
"4090","4090",46,19000,413.043478261,43,375.551334974,c(475503.132631973, 4205004.0634721)
"7546","7546",69,30000,434.782608696,48,509.471980965,c(475649.496232341, 4207224.48434678)
"6931","6931",58,25000,431.034482759,37,568.613314947,c(476566.561240972, 4206676.58999967)
"4923","4923",98,195000,1989.79591837,2,682.680509238,c(478672.972382511, 4205344.73860981)
"2072","2072",100,170000,1700,53,544.787344412,c(476928.010086572, 4203431.94712467)
"287","287",75,70000,933.333333333,47,140.185410644,c(475911.561064741, 4200970.14274347)
"2521","2521",82,60000,731.707317073,52,1054.08375464,c(477441.513937996, 4203980.85269283)
"6656","6656",30,17000,566.666666667,36,481.811989446,c(475008.800307188, 4206248.79068127)
"6993","6993",74,40000,540.540540541,40,715.038220397,c(475351.382791936, 4206723.86022926)
"1512","1512",142,110000,774.647887324,55,435.167021396,c(478493.188839827, 4202937.07402226)
"491","491",40,45000,1125,44,266.057974602,c(475969.015816075, 4201392.26251076)
"2938","2938",30,29000,966.666666667,32,135.724730581,c(475460.145801502, 4204074.95385232)
"7858","7858",38,41000,1078.94736842,20,623.874637516,c(477144.121869812, 4207785.94701514)
"4274","4274",45,27000,600,42,860.874912268,c(476972.176581671, 4205092.13254226)
"6614","6614",53,40000,754.716981132,51,1687.24696829,c(477632.348529955, 4206213.49576626)
"7694","7694",96,82000,854.166666667,36,737.181065907,c(476985.251056293, 4207504.34492366)
"1835","1835",100,450000,4500,57,362.735138279,c(476658.860844798, 4203161.64684332)
"379","379",95,125000,1315.78947368,42,862.132568594,c(477269.915412175, 4201115.06982271)
"3405","3405",73,55000,753.424657534,42,1044.66085225,c(477542.561256633, 4204549.65688097)
"807","807",70,50000,714.285714286,39,1117.2530868,c(478113.485517007, 4201901.772148)
"2794","2794",75,100000,1333.33333333,5,175.498223352,c(478646.926962875, 4204036.77563495)
"5614","5614",68,27000,397.058823529,40,819.928812501,c(476438.206633351, 4205570.08042047)
"7725","7725",48,24000,500,55,396.589213846,c(476628.474939193, 4207580.35671125)
"7619","7619",125,85000,680,37,737.181065907,c(476985.251056293, 4207504.34492366)
"6295","6295",89,48000,539.325842697,47,1243.88697312,c(477143.678258409, 4205984.38822248)
"5371","5371",105,88000,838.095238095,36,819.928812501,c(476438.206633351, 4205570.08042047)
"7000","7000",51,36000,705.882352941,45,813.303167856,c(475245.471079601, 4206739.26834807)
"4278","4278",80,150000,1875,6,860.874912268,c(476972.176581671, 4205092.13254226)
"803","803",31,15000,483.870967742,42,1087.10262239,c(478018.515422735, 4201895.25690215)
"2544","2544",240,340000,1416.66666667,52,139.396867247,c(478447.243512376, 4204006.1180785)
"2455","2455",100,210000,2100,8,1038.52357498,c(479575.45167036, 4203883.41272556)
"6893","6893",76,51000,671.052631579,52,568.657336504,c(476566.560924697, 4206676.47904655)
"1689","1689",96,265000,2760.41666667,61,416.776293826,c(477279.20918132, 4203114.08733521)
"8129","8129",72,38500,534.722222222,37,458.030847137,c(475877.027989617, 4207913.39388095)
"3087","3087",166,170000,1024.09638554,57,510.725838208,c(476266.792197167, 4204220.26630575)
"1040","1040",160,640000,4000,57,107.095415882,c(476170.509040616, 4202174.45185659)
"6052","6052",70,70000,1000,9,1297.1000436,c(477158.970217788, 4205863.62797041)
"7011","7011",80,36000,450,41,457.803843524,c(476480.422030487, 4206761.49392426)
"4502","4502",98,140000,1428.57142857,56,257.035610034,c(475485.76026977, 4205155.67821275)
"5670","5670",95,230000,2421.05263158,9,1632.25647358,c(477592.886812104, 4205585.27191438)
"118","118",92,135000,1467.39130435,14,997.928221458,c(475022.030975493, 4200716.15853505)
"5666","5666",41,20000,487.804878049,45,792.81813962,c(479139.803407264, 4205584.97708561)
"4115","4115",55,65000,1181.81818182,42,238.686026457,c(480267.884559241, 4205019.9946583)
"7378","7378",57,22000,385.964912281,62,509.471980965,c(475649.496232341, 4207224.48434678)
"7923","7923",85,75000,882.352941176,40,623.874637516,c(477144.121869812, 4207785.94701514)
"3814","3814",91,139000,1527.47252747,14,925.575266666,c(477863.490322089, 4204805.42286581)
"2743","2743",87,135000,1551.72413793,48,175.498223352,c(478646.926962875, 4204036.77563495)
"1853","1853",95,210000,2210.52631579,57,308.198367024,c(477469.23671114, 4203168.93075538)
"6779","6779",58,35000,603.448275862,44,242.196076944,c(476118.350390428, 4206505.01352689)
"6240","6240",84,150000,1785.71428571,10,1243.88697312,c(477143.678258409, 4205984.38822248)
"6680","6680",220,92000,418.181818182,45,1293.62502853,c(477242.051302347, 4206285.68799458)
"423","423",105,57000,542.857142857,48,907.544957895,c(477269.996599113, 4201208.15916679)
"5943","5943",87,160000,1839.08045977,12,692.649071411,c(476447.878554748, 4205850.8769444)
"2992","2992",94,59000,627.659574468,54,359.385934669,c(476093.481136775, 4204140.65960713)
"4513","4513",48,37000,770.833333333,42,257.035610034,c(475485.76026977, 4205155.67821275)
"5908","5908",51,95000,1862.74509804,10,692.649071411,c(476447.878554748, 4205850.8769444)
"5535","5535",51,30000,588.235294118,38,819.928812501,c(476438.206633351, 4205570.08042047)
"3877","3877",94,52000,553.191489362,47,1250.56914666,c(477477.093540855, 4204852.29529628)
"8194","8194",110,60000,545.454545455,67,379.022109833,c(476712.314707222, 4208575.93305527)
"7537","7537",46,20000,434.782608696,52,509.471980965,c(475649.496232341, 4207224.48434678)
"1460","1460",92,115000,1250,13,692.137889858,c(473914.212064212, 4202871.6477932)
"1551","1551",137,440000,3211.67883212,62,447.916988543,c(477204.925973268, 4202993.2426162)
"2739","2739",92,80000,869.565217391,44,175.498223352,c(478646.926962875, 4204036.77563495)
"7227","7227",54,26000,481.481481481,52,335.762100601,c(475882.03517174, 4207197.05861109)
"4677","4677",83,50000,602.409638554,59,257.035610034,c(475485.76026977, 4205155.67821275)
"5706","5706",120,62000,516.666666667,49,1416.99436108,c(477297.877602812, 4205646.43966865)
"4871","4871",88,27000,306.818181818,62,451.847861431,c(475911.800052797, 4205282.0160429)
"4305","4305",240,450000,1875,49,592.874386278,c(479581.295583095, 4205106.7699435)
"7081","7081",81,55000,679.012345679,57,75.3666135091,c(475972.32624731, 4206884.56916682)
"6659","6659",91,145000,1593.40659341,26,1293.18684119,c(477240.213200579, 4206255.9574417)
"6455","6455",65,108000,1661.53846154,5,295.499720023,c(474925.297516012, 4206071.85132316)
"3571","3571",90,75000,833.333333333,29,579.291439331,c(476709.492935888, 4204604.78684908)
"453","453",80,120000,1500,15,414.321335766,c(476088.634786583, 4201293.27690274)
"7667","7667",109,60000,550.458715596,48,737.181065907,c(476985.251056293, 4207504.34492366)
"4142","4142",115,140000,1217.39130435,39,402.172531598,c(478763.515054466, 4205046.26132287)
"4824","4824",146,380000,2602.73972603,13,474.842681247,c(479146.366272075, 4205264.41563398)
"3086","3086",80,65000,812.5,46,813.484736908,c(476735.184186094, 4204219.15035162)
"2965","2965",81,60000,740.740740741,53,893.00657567,c(476936.470236273, 4204100.41813661)
"6692","6692",77,35000,454.545454545,47,835.682842844,c(476784.543744926, 4206306.38388855)
"4369","4369",50,60000,1200,11,257.146518869,c(475485.759938978, 4205155.56725986)
"2030","2030",114,295000,2587.71929825,39,435.876360119,c(477735.403430346, 4203353.16578979)
"4462","4462",88,130000,1477.27272727,57,257.035610034,c(475485.76026977, 4205155.67821275)
"6297","6297",45,54000,1200,6,1243.88697312,c(477143.678258409, 4205984.38822248)
"2928","2928",50,98000,1960,19,631.242764282,c(477874.051365932, 4204063.22647544)
"6781","6781",57,80000,1403.50877193,5,544.117754264,c(475434.397048801, 4206507.69493445)
"561","561",96,55000,572.916666667,25,1324.38184144,c(477558.656645405, 4201595.1484786)
"6232","6232",89,106800,1200,52,1243.88697312,c(477143.678258409, 4205984.38822248)
"6753","6753",67,60000,895.52238806,44,624.689572425,c(474964.004382855, 4206443.20770202)
"5368","5368",81,89000,1098.7654321,10,819.928812501,c(476438.206633351, 4205570.08042047)
"6211","6211",40,29000,725,42,984.780705894,c(476865.861816575, 4205971.62869682)
"7122","7122",45,21000,466.666666667,54,229.545370938,c(476271.659973358, 4206941.395683)
"2590","2590",75,140000,1866.66666667,8,175.498223352,c(478646.926962875, 4204036.77563495)
"7395","7395",110,90000,818.181818182,35,509.471980965,c(475649.496232341, 4207224.48434678)
"162","162",88,48000,545.454545455,44,618.981610836,c(475398.175586006, 4200763.95637402)
"3198","3198",65,40000,615.384615385,62,530.65243571,c(478025.559870734, 4204369.82879748)
"8073","8073",115,100000,869.565217391,47,356.040151962,c(475973.868593896, 4207862.40401038)
"6083","6083",38,27000,710.526315789,54,1297.1000436,c(477158.970217788, 4205863.62797041)
"95","95",150,360000,2400,7,1083.05309727,c(474948.286741662, 4200646.14923926)
"4425","4425",28,53000,1892.85714286,12,257.035610034,c(475485.76026977, 4205155.67821275)
"6294","6294",55,70000,1272.72727273,12,1243.88697312,c(477143.678258409, 4205984.38822248)
"2693","2693",85,80000,941.176470588,35,175.498223352,c(478646.926962875, 4204036.77563495)
"6095","6095",45,25000,555.555555556,51,1297.1000436,c(477158.970217788, 4205863.62797041)
"5477","5477",109,52000,477.064220183,52,819.928812501,c(476438.206633351, 4205570.08042047)
"7178","7178",50,18000,360,47,192.49286766,c(476224.612844441, 4206973.48641911)
"1097","1097",55,47000,854.545454545,45,310.272322968,c(474408.903415459, 4202321.3176778)
"2602","2602",60,90000,1500,32,175.498223352,c(478646.926962875, 4204036.77563495)
"390","390",130,125000,961.538461538,21,862.132568594,c(477269.915412175, 4201115.06982271)
"1935","1935",62,79000,1274.19354839,8,586.224671002,c(473938.318578784, 4203217.4139915)
"1241","1241",65,90000,1384.61538462,7,519.731284116,c(474089.286656255, 4202519.81534831)
"2525","2525",52,45000,865.384615385,57,221.589833421,c(478335.406175147, 4203987.66051442)
"7828","7828",135,280000,2074.07407407,13,623.874637516,c(477144.121869812, 4207785.94701514)
"1229","1229",59,70000,1186.44067797,24,459.804049071,c(474293.688429302, 4202497.31627692)
"236","236",74,125000,1689.18918919,1,183.188924649,c(476418.054424791, 4200895.33680408)
"1384","1384",50,29000,580,36,905.370065848,c(478902.300135438, 4202702.79238062)
"7285","7285",72,129870,1803.75,10,509.471980965,c(475649.496232341, 4207224.48434678)
"4748","4748",85,50000,588.235294118,52,900.893409622,c(476967.39654941, 4205203.76536248)
"605","605",56,45000,803.571428571,38,306.216483336,c(476147.379112334, 4201618.64310867)
"7864","7864",66,68000,1030.3030303,20,623.874637516,c(477144.121869812, 4207785.94701514)
"4799","4799",140,68000,485.714285714,47,466.136667963,c(476043.491766263, 4205248.12327422)
"311","311",56,113000,2017.85714286,11,147.757683075,c(475972.561961933, 4201012.01575072)
"582","582",88,115000,1306.81818182,47,306.216483336,c(476147.379112334, 4201618.64310867)
"2574","2574",40,60000,1500,6,175.498223352,c(478646.926962875, 4204036.77563495)
"539","539",35,17000,485.714285714,45,483.477846139,c(475368.646669683, 4201523.63021984)
"2962","2962",123,155000,1260.16260163,47,1047.84508449,c(477454.122625831, 4204095.65499012)
"5094","5094",70,26000,371.428571429,52,143.118221246,c(475598.793197932, 4205491.31036829)
"2013","2013",135,200000,1481.48148148,44,360.389330185,c(476738.472984482, 4203332.28970521)
"6290","6290",55,60000,1090.90909091,39,1243.88697312,c(477143.678258409, 4205984.38822248)
"1128","1128",50,164000,3280,48,566.780900307,c(477402.413446838, 4202404.97876762)
"690","690",95,80000,842.105263158,57,1212.51790613,c(477305.581782845, 4201752.95148685)
"975","975",135,350000,2592.59259259,8,810.180421189,c(477713.154901854, 4202109.21840852)
"98","98",60,140000,2333.33333333,7,1098.07331896,c(474928.414873053, 4200669.28798436)
"2069","2069",93,350000,3763.44086022,57,281.786085934,c(477989.150390208, 4203429.48506175)
"6882","6882",52,18000,346.153846154,61,568.657336504,c(476566.560924697, 4206676.47904655)
"6762","6762",97,137800,1420.6185567,11,975.680386287,c(476917.257811193, 4206453.68993042)
"8082","8082",85,87000,1023.52941176,27,356.040151962,c(475973.868593896, 4207862.40401038)
"378","378",90,70000,777.777777778,42,862.132568594,c(477269.915412175, 4201115.06982271)
"1909","1909",33,75000,2272.72727273,6,394.983667311,c(474129.339724353, 4203190.62585715)
"6704","6704",56,75000,1339.28571429,6,14.4037523458,c(475935.754426325, 4206326.57718922)
"6522","6522",98,188000,1918.36734694,4,1727.03537832,c(477921.081290487, 4206077.57389852)
"6212","6212",65,25000,384.615384615,51,1086.5129804,c(476974.817974738, 4205972.87625674)
"4556","4556",63,100000,1587.3015873,9,257.035610034,c(475485.76026977, 4205155.67821275)
"1813","1813",41,47000,1146.34146341,49,217.45951759,c(475166.323010518, 4203145.93329699)
"8117","8117",78,135000,1730.76923077,12,356.040151962,c(475973.868593896, 4207862.40401038)
"3476","3476",120,39000,325,52,862.764628568,c(477759.872805314, 4204575.91744655)
"316","316",63,115000,1825.3968254,7,265.196851194,c(476223.925500233, 4201022.93623281)
"1751","1751",90,180000,2000,47,416.776293826,c(477279.20918132, 4203114.08733521)
"567","567",95,115000,1210.52631579,17,1360.77252346,c(478018.538834757, 4201607.77753938)
"7443","7443",87,70000,804.597701149,42,509.471980965,c(475649.496232341, 4207224.48434678)
"5060","5060",53,40000,754.716981132,46,1490.55416488,c(477744.621012842, 4205462.36712298)
"329","329",75,85000,1133.33333333,43,1071.26106638,c(477514.617820706, 4201069.12942765)
"4615","4615",50,39000,780,45,257.035610034,c(475485.76026977, 4205155.67821275)
"5390","5390",72,30000,416.666666667,42,819.928812501,c(476438.206633351, 4205570.08042047)
"151","151",46,70000,1521.73913043,3,38.9908906324,c(476532.273278027, 4200749.66210057)
"984","984",60,30000,500,36,806.509102766,c(477573.946683739, 4202113.36871864)
"778","778",50,70000,1400,52,703.106630157,c(475180.112364188, 4201864.93413258)
"1854","1854",128,400000,3125,57,308.198367024,c(477469.23671114, 4203168.93075538)
"2213","2213",90,220000,2444.44444444,9,760.829487787,c(477558.019072252, 4203681.40373019)
"7215","7215",78,100000,1282.05128205,7,561.580315961,c(476558.552914643, 4207131.41351413)
"4882","4882",130,130000,1000,42,540.253036128,c(476372.096648019, 4205295.88129965)
"5840","5840",100,65000,650,41,489.758876187,c(475808.766304419, 4205774.95382921)
"7993","7993",52,12000,230.769230769,50,356.040151962,c(475973.868593896, 4207862.40401038)
"6691","6691",160,70000,437.5,52,564.221559064,c(476512.733949118, 4206302.93961662)
"3848","3848",67,20000,298.507462687,47,54.3428741426,c(479127.491629583, 4204815.32374563)
"5481","5481",130,45000,346.153846154,43,819.928812501,c(476438.206633351, 4205570.08042047)
"296","296",38,66000,1736.84210526,7,237.264896125,c(476213.282939183, 4200988.0167462)
"898","898",77,250000,3246.75324675,42,218.011804861,c(474499.911348765, 4202013.47212081)
"5864","5864",85,99000,1164.70588235,12,422.717990787,c(475624.93491356, 4205809.44872383)
"7031","7031",100,55000,550,57,874.795139151,c(476914.469593848, 4206805.08899604)
"3480","3480",57,45000,789.473684211,50,862.764628568,c(477759.872805314, 4204575.91744655)
"7214","7214",104,130000,1250,7,503.310740375,c(475595.933920131, 4207130.4431252)
"972","972",55,65000,1181.81818182,21,810.180421189,c(477713.154901854, 4202109.21840852)
"7485","7485",85,95000,1117.64705882,13,509.471980965,c(475649.496232341, 4207224.48434678)
"3376","3376",53,25000,471.698113208,44,384.774535726,c(475878.100766027, 4204539.27923229)
"1215","1215",26,15000,576.923076923,57,490.030441709,c(477494.235746271, 4202450.77286203)
"6274","6274",73,150000,2054.79452055,17,1243.88697312,c(477143.678258409, 4205984.38822248)
"3767","3767",70,70000,1000,47,4.42295756707,c(479079.047427791, 4204790.59314487)
"2082","2082",76,70000,921.052631579,47,870.824081914,c(479042.538664454, 4203452.47776594)
"1207","1207",144,850000,5902.77777778,49,640.466974778,c(477160.497947734, 4202427.72595122)
"4861","4861",82,230000,2804.87804878,5,1449.08074105,c(477531.284118401, 4205275.4352878)
"1263","1263",33,50000,1515.15151515,43,606.285757404,c(478271.853996028, 4202599.80259987)
"7296","7296",70,144217,2060.24285714,10,509.471980965,c(475649.496232341, 4207224.48434678)
"6546","6546",100,55000,550,42,1513.41036168,c(477450.327563414, 4206138.87707426)
"2710","2710",93,160000,1720.43010753,11,175.498223352,c(478646.926962875, 4204036.77563495)
"5886","5886",55,25000,454.545454545,49,1419.18524799,c(477279.43970753, 4205836.99823002)
"3925","3925",75,75000,1000,47,189.43691981,c(478919.34195537, 4204899.29117174)
"2598","2598",82,150000,1829.26829268,7,175.498223352,c(478646.926962875, 4204036.77563495)
"5296","5296",78,80000,1025.64102564,5,819.928812501,c(476438.206633351, 4205570.08042047)
"5222","5222",33,30000,909.090909091,47,819.928812501,c(476438.206633351, 4205570.08042047)
"7074","7074",102,150000,1470.58823529,12,75.3666135091,c(475972.32624731, 4206884.56916682)
"1832","1832",205,360000,1756.09756098,39,97.1962785974,c(478231.876906221, 4203159.2232646)
"1310","1310",160,700000,4375,51,480.52731193,c(477229.434476671, 4202677.51267023)
"1913","1913",45,75000,1666.66666667,11,394.983667311,c(474129.339724353, 4203190.62585715)
"5118","5118",24,16000,666.666666667,13,422.847073131,c(475888.871971044, 4205517.52734951)
"2358","2358",60,130000,2166.66666667,1,854.042795919,c(479287.293572636, 4203800.69555498)
"800","800",75,115000,1533.33333333,42,293.590818853,c(475720.578587985, 4201893.27956133)
"2830","2830",75,60000,800,39,175.498223352,c(478646.926962875, 4204036.77563495)
"1295","1295",158,650000,4113.92405063,62,541.938776526,c(477163.542158554, 4202670.26131118)
"4544","4544",68,100000,1470.58823529,9,257.035610034,c(475485.76026977, 4205155.67821275)
"2812","2812",67,60000,895.52238806,43,175.498223352,c(478646.926962875, 4204036.77563495)
"7577","7577",69,49000,710.144927536,48,886.64289293,c(476991.036274728, 4207250.57671109)
"7135","7135",55,110000,2000,6,708.346698691,c(476752.54211372, 4206942.12971689)
"1518","1518",96,210000,2187.5,5,186.69907447,c(475122.578422001, 4202940.02472202)
"4743","4743",55,95000,1727.27272727,8,306.040194103,c(475700.397597995, 4205201.08696433)
"6045","6045",76,55000,723.684210526,54,1297.1000436,c(477158.970217788, 4205863.62797041)
"4711","4711",140,180000,1285.71428571,39,445.86802909,c(480442.429237555, 4205163.70673917)
"2406","2406",125,130000,1040,39,632.213083948,c(476815.664963819, 4203860.76514938)
"1713","1713",145,380000,2620.68965517,57,416.776293826,c(477279.20918132, 4203114.08733521)
"3385","3385",103,250000,2427.18446602,9,1044.66085225,c(477542.561256633, 4204549.65688097)
"478","478",88,190000,2159.09090909,9,1091.24059487,c(477396.182376054, 4201350.71940288)
"4963","4963",90,75000,833.333333333,44,636.788610775,c(476400.809978354, 4205388.44528306)
"6937","6937",67,50000,746.268656716,52,568.613314947,c(476566.561240972, 4206676.58999967)
"3067","3067",66,64000,969.696969697,53,1009.75954569,c(477493.112152361, 4204191.96685165)
"7474","7474",85,170000,2000,8,509.471980965,c(475649.496232341, 4207224.48434678)
"6970","6970",77,165000,2142.85714286,10,568.613314947,c(476566.561240972, 4206676.58999967)
"935","935",35,30000,857.142857143,57,5.46150549684,c(476099.463577615, 4202088.22521719)
"7969","7969",120,150000,1250,17,356.040151962,c(475973.868593896, 4207862.40401038)
"6881","6881",47,19500,414.893617021,51,568.657336504,c(476566.560924697, 4206676.47904655)
"2329","2329",55,33000,600,32,62.0969113719,c(475923.605193642, 4203765.68800179)
"5111","5111",116,81000,698.275862069,50,642.182549213,c(476113.709396696, 4205511.87820658)
"3103","3103",75,55000,733.333333333,53,355.410909187,c(478841.861270654, 4204236.09937664)
"171","171",40,60000,1500,5,361.872505618,c(475657.294793766, 4200780.38399892)
"2205","2205",82,160000,1951.2195122,41,530.779198128,c(478773.247948118, 4203678.84643045)
"7750","7750",107,60000,560.747663551,46,266.10078578,c(476532.083872194, 4207668.396155)
"1258","1258",84,130000,1547.61904762,43,607.39554439,c(478176.168331331, 4202585.29883473)
"6128","6128",50,20000,400,49,1297.1000436,c(477158.970217788, 4205863.62797041)
"8204","8204",89,150000,1685.39325843,14,379.022109833,c(476712.314707222, 4208575.93305527)
"3619","3619",89,115000,1292.13483146,48,913.215284993,c(477743.638066264, 4204644.53063046)
"6626","6626",30,10000,333.333333333,47,1687.24696829,c(477632.348529955, 4206213.49576626)
"2207","2207",80,140000,1750,47,487.840190962,c(478678.670723493, 4203680.20031879)
"1007","1007",126,195000,1547.61904762,48,806.509102766,c(477573.946683739, 4202113.36871864)
"4768","4768",58,87000,1500,32,803.798617909,c(476848.37633428, 4205217.96871774)
"6436","6436",55,25000,454.545454545,52,321.542222729,c(475772.214517437, 4206063.20892321)
"2787","2787",100,150000,1500,9,175.498223352,c(478646.926962875, 4204036.77563495)
"7766","7766",51,46000,901.960784314,42,559.495245662,c(476985.802347831, 4207732.57604015)
"6977","6977",60,35000,583.333333333,57,579.513500121,c(476581.152365676, 4206683.09470725)
"2488","2488",60,150000,2500,19,1015.050831,c(477454.222455683, 4203939.765087)
"8151","8151",115,140000,1217.39130435,16,293.062159116,c(476187.664481811, 4208097.22660772)
"7093","7093",100,47000,470,47,75.3666135091,c(475972.32624731, 4206884.56916682)
"4927","4927",96,45000,468.75,47,1242.79171861,c(477277.125335989, 4205348.80807689)
"5677","5677",49,16000,326.530612245,45,1551.26057479,c(477493.702149679, 4205595.3066166)
"6040","6040",80,80000,1000,45,1297.1000436,c(477158.970217788, 4205863.62797041)
"4283","4283",28,31000,1107.14285714,37,860.874912268,c(476972.176581671, 4205092.13254226)
"6036","6036",137,70000,510.948905109,47,1297.1000436,c(477158.970217788, 4205863.62797041)
"7446","7446",70,140000,2000,8,509.471980965,c(475649.496232341, 4207224.48434678)
"2489","2489",95,85000,894.736842105,44,828.525039858,c(477010.579223593, 4203940.99245447)
"4093","4093",57,35000,614.035087719,49,436.676451503,c(475780.342683084, 4205007.56953398)
"4983","4983",77,165000,2142.85714286,5,1195.3034447,c(478052.746819534, 4205410.38974024)
"2664","2664",108,145000,1342.59259259,15,175.498223352,c(478646.926962875, 4204036.77563495)
"6739","6739",133,110000,827.067669173,46,101.384382234,c(476029.097082776, 4206394.09737448)
"2903","2903",92,135000,1467.39130435,40,742.963866675,c(476724.983480929, 4204058.85129836)
"3232","3232",71,80000,1126.76056338,47,1121.44595571,c(477211.365092688, 4204398.78298879)
"7131","7131",80,125000,1562.5,6,708.346698691,c(476752.54211372, 4206942.12971689)
"7004","7004",54,21000,388.888888889,47,458.16349666,c(475614.54819211, 4206747.37409907)
"3718","3718",85,45000,529.411764706,57,1043.6986495,c(477205.005783088, 4204734.10235784)
"1379","1379",174,135000,775.862068966,37,905.370065848,c(478902.300135438, 4202702.79238062)
"7138","7138",130,310000,2384.61538462,6,708.346698691,c(476752.54211372, 4206942.12971689)
"1355","1355",181,250000,1381.21546961,29,905.370065848,c(478902.300135438, 4202702.79238062)
"7604","7604",103,80000,776.699029126,37,512.725527748,c(476039.017542103, 4207417.95299368)
"8042","8042",75,110000,1466.66666667,12,356.040151962,c(475973.868593896, 4207862.40401038)
"6642","6642",116,130000,1120.68965517,20,1366.0327551,c(477311.152440953, 4206225.58196019)
"200","200",75,120000,1600,7,333.374177734,c(476826.428495987, 4200789.21614779)
"5314","5314",68,27000,397.058823529,40,819.928812501,c(476438.206633351, 4205570.08042047)
"2974","2974",80,45000,562.5,41,634.274914353,c(476531.744328576, 4204104.11449633)
"700","700",40,27500,687.5,48,582.317346895,c(475276.263944064, 4201766.67296578)
"455","455",47,60000,1276.59574468,10,518.929536691,c(476304.385342605, 4201294.76132238)
"6430","6430",75,73000,973.333333333,33,295.835584184,c(474952.145693992, 4206037.5956001)
"1092","1092",42,110000,2619.04761905,57,215.60280561,c(476084.029929885, 4202308.62329413)
"6591","6591",79,120000,1518.98734177,8,1687.24696829,c(477632.348529955, 4206213.49576626)
"5415","5415",70,30000,428.571428571,57,819.928812501,c(476438.206633351, 4205570.08042047)
"1961","1961",123,40000,325.203252033,52,392.914430979,c(474136.054986871, 4203259.39602341)
"585","585",56,120000,2142.85714286,9,306.216483336,c(476147.379112334, 4201618.64310867)
"5299","5299",90,180000,2000,12,819.928812501,c(476438.206633351, 4205570.08042047)
"3866","3866",115,300000,2608.69565217,4,50.9020081627,c(479055.115297163, 4204840.47210372)
"4852","4852",38,60000,1578.94736842,10,1449.08074105,c(477531.284118401, 4205275.4352878)
"5584","5584",75,45000,600,53,819.928812501,c(476438.206633351, 4205570.08042047)
"2310","2310",110,100000,909.090909091,41,62.0969113719,c(475923.605193642, 4203765.68800179)
"6858","6858",125,65000,520,48,568.657336504,c(476566.560924697, 4206676.47904655)
"3574","3574",47,50000,1063.82978723,41,339.435332109,c(478793.994360599, 4204607.58361246)
"5856","5856",76,50000,657.894736842,47,734.458531737,c(476457.306198053, 4205801.25356054)
"7177","7177",83,30000,361.445783133,49,296.141617093,c(476334.2395382, 4206968.28806079)
"3897","3897",250,550000,2200,57,334.09750145,c(476490.191302516, 4204866.37374837)
"3278","3278",98,95000,969.387755102,52,387.359483192,c(476013.303057133, 4204440.46789963)
"4793","4793",61,140000,2295.08196721,4,1339.67176562,c(477426.79829513, 4205242.76808048)
"6496","6496",53,29000,547.169811321,47,295.499720023,c(474925.297516012, 4206071.85132316)
"1918","1918",85,150000,1764.70588235,9,7.53425325404,c(474525.86901716, 4203191.27445848)
"702","702",53,29000,547.169811321,47,1276.75738494,c(478207.210468421, 4201769.71145876)
"4777","4777",82,18000,219.512195122,49,746.357613872,c(476775.168859525, 4205224.94328132)
"6878","6878",72,30000,416.666666667,47,568.657336504,c(476566.560924697, 4206676.47904655)
"5305","5305",75,49000,653.333333333,57,819.928812501,c(476438.206633351, 4205570.08042047)
"4578","4578",32,29000,906.25,50,257.035610034,c(475485.76026977, 4205155.67821275)
"7350","7350",76,100000,1315.78947368,8,509.471980965,c(475649.496232341, 4207224.48434678)
"1852","1852",95,270000,2842.10526316,57,308.198367024,c(477469.23671114, 4203168.93075538)
"7343","7343",76,40000,526.315789474,38,509.471980965,c(475649.496232341, 4207224.48434678)
"887","887",127,180000,1417.32283465,47,579.536669831,c(475403.378175883, 4202005.28558394)
"7123","7123",70,65000,928.571428571,17,679.469331408,c(476723.659262131, 4206941.43477048)
"2942","2942",107,280000,2616.82242991,19,603.478680444,c(477900.435191935, 4204077.91240072)
"2748","2748",71,105000,1478.87323944,48,175.498223352,c(478646.926962875, 4204036.77563495)
"5803","5803",51,28000,549.019607843,47,1053.87866295,c(476808.529068376, 4205721.47830143)
"7536","7536",33,13000,393.939393939,42,509.471980965,c(475649.496232341, 4207224.48434678)
"5565","5565",44,20000,454.545454545,44,819.928812501,c(476438.206633351, 4205570.08042047)
"2580","2580",96,190000,1979.16666667,8,175.498223352,c(478646.926962875, 4204036.77563495)
"530","530",80,150000,1875,15,156.724977813,c(475945.990644437, 4201509.05249745)
"6035","6035",164,120000,731.707317073,43,1297.1000436,c(477158.970217788, 4205863.62797041)
"3393","3393",70,72000,1028.57142857,42,1044.66085225,c(477542.561256633, 4204549.65688097)
"4314","4314",60,103000,1716.66666667,8,299.449383496,c(475436.736003332, 4205116.21398758)
"2881","2881",100,190000,1900,47,742.963866675,c(476724.983480929, 4204058.85129836)
"1357","1357",90,200000,2222.22222222,6,905.370065848,c(478902.300135438, 4202702.79238062)
"456","456",81,145000,1790.12345679,12,330.750256419,c(475842.498916745, 4201294.88300236)
"2553","2553",78,60000,769.230769231,49,751.886932305,c(479245.181177993, 4204025.59293941)
"6985","6985",114,47000,412.280701754,37,310.231737267,c(476282.738136518, 4206704.03294908)
"1203","1203",75,100000,1333.33333333,7,380.047590113,c(474271.5599037, 4202417.49890041)
"6343","6343",65,25000,384.615384615,47,1243.88697312,c(477143.678258409, 4205984.38822248)
"7497","7497",83,120000,1445.78313253,13,509.471980965,c(475649.496232341, 4207224.48434678)
"4854","4854",45,78000,1733.33333333,10,1449.08074105,c(477531.284118401, 4205275.4352878)
"3922","3922",71,32000,450.704225352,59,366.984246005,c(475809.071260567, 4204893.75732816)
"7432","7432",70,147000,2100,6,509.471980965,c(475649.496232341, 4207224.48434678)
"6346","6346",50,17000,340,49,1243.88697312,c(477143.678258409, 4205984.38822248)
"974","974",100,280000,2800,2,810.180421189,c(477713.154901854, 4202109.21840852)
"3466","3466",34,27000,794.117647059,42,862.764628568,c(477759.872805314, 4204575.91744655)
"2906","2906",73,90000,1232.87671233,42,742.963866675,c(476724.983480929, 4204058.85129836)
"2427","2427",30,15000,500,42,317.459502224,c(475663.077945988, 4203864.5375825)
"1943","1943",256,1300000,5078.125,64,317.610739283,c(477595.519044144, 4203230.16519884)
"7349","7349",95,120000,1263.15789474,50,509.471980965,c(475649.496232341, 4207224.48434678)
"1392","1392",165,750000,4545.45454545,42,455.124969455,c(477238.058487068, 4202715.32388681)
"8166","8166",78,85000,1089.74358974,7,102.524285266,c(476614.404056702, 4208280.40696324)
"4879","4879",75,70000,933.333333333,41,582.114372134,c(474728.967397106, 4205293.00051399)
"2432","2432",77,234600,3046.75324675,9,317.459502224,c(475663.077945988, 4203864.5375825)
"1622","1622",221,600000,2714.9321267,62,153.656911595,c(477700.623063427, 4203060.34318982)
"5726","5726",51,30000,588.235294118,46,1412.3782445,c(477270.999338018, 4205673.80852711)
"6196","6196",155,110000,709.677419355,42,456.360457192,c(476198.824699172, 4205949.56641749)
"1117","1117",70,160000,2285.71428571,52,594.781309551,c(477067.102715619, 4202385.60142705)
"8013","8013",100,160000,1600,13,356.040151962,c(475973.868593896, 4207862.40401038)
"5206","5206",69,124000,1797.10144928,11,819.928812501,c(476438.206633351, 4205570.08042047)
"4775","4775",60,24000,400,47,442.574698664,c(475878.698592666, 4205222.08704633)
"5507","5507",75,125000,1666.66666667,9,819.928812501,c(476438.206633351, 4205570.08042047)
"7462","7462",85,170000,2000,8,509.471980965,c(475649.496232341, 4207224.48434678)
"795","795",40,34000,850,37,325.207605938,c(474571.105632402, 4201886.32109869)
"5688","5688",90,60000,666.666666667,54,225.419652664,c(475588.433591105, 4205609.83991423)
"4160","4160",70,49000,700,38,1177.68976769,c(477773.035209705, 4205060.1942581)
"5700","5700",83,95000,1144.57831325,59,957.668938643,c(476630.139798751, 4205633.77501013)
"7479","7479",90,50000,555.555555556,47,509.471980965,c(475649.496232341, 4207224.48434678)
"3679","3679",49,75000,1530.6122449,14,691.575598579,c(478087.61384344, 4204688.87657231)
"3018","3018",55,34000,618.181818182,57,377.368009388,c(475822.418188274, 4204147.11046305)
"8172","8172",50,25000,500,40,239.484875846,c(476558.681326495, 4208407.27556476)
"7731","7731",45,38000,844.444444444,44,278.725425261,c(476502.811120978, 4207622.54476581)
"2579","2579",81,40000,493.827160494,45,175.498223352,c(478646.926962875, 4204036.77563495)
"52","52",32,30000,937.5,42,565.832967634,c(475575.827679161, 4200503.68633545)
"2892","2892",132,350000,2651.51515152,7,742.963866675,c(476724.983480929, 4204058.85129836)
"2206","2206",114,215000,1885.96491228,47,455.055478066,c(478480.463544423, 4203680.05024786)
"637","637",136,80000,588.235294118,42,1311.14735809,c(477987.557784691, 4201650.68813015)
"4451","4451",87,50000,574.712643678,48,257.035610034,c(475485.76026977, 4205155.67821275)
"7861","7861",103,88000,854.368932039,36,623.874637516,c(477144.121869812, 4207785.94701514)
"472","472",65,35000,538.461538462,47,603.664636639,c(476521.121454333, 4201333.86172185)
"5487","5487",28,12000,428.571428571,42,819.928812501,c(476438.206633351, 4205570.08042047)
"774","774",122,360000,2950.81967213,47,255.000662972,c(475951.30740659, 4201855.65483922)
"7499","7499",85,110000,1294.11764706,42,509.471980965,c(475649.496232341, 4207224.48434678)
"1798","1798",193,650000,3367.87564767,59,511.088573003,c(477182.385792985, 4203131.2200593)
"4696","4696",90,40000,444.444444444,42,257.035610034,c(475485.76026977, 4205155.67821275)
"1082","1082",84,153000,1821.42857143,49,686.420697405,c(477328.016970051, 4202308.43208906)
"3945","3945",60,107000,1783.33333333,7,280.647561905,c(475447.405269437, 4204925.45245279)
"541","541",152,290000,1907.89473684,13,1397.5691816,c(477796.435114953, 4201527.15560325)
"2705","2705",79,50000,632.911392405,40,175.498223352,c(478646.926962875, 4204036.77563495)
"1110","1110",101,250000,2475.24752475,2,613.929098045,c(477919.908628402, 4202367.07133633)
"4067","4067",137,220000,1605.83941606,17,194.30543271,c(480238.730234216, 4204982.00755602)
"6707","6707",50,20000,400,42,907.18974933,c(476856.431203438, 4206332.92112664)
"6365","6365",70,87000,1242.85714286,42,1243.88697312,c(477143.678258409, 4205984.38822248)
"5853","5853",70,50000,714.285714286,47,536.269775718,c(476019.375212422, 4205799.96719459)
"167","167",84,155000,1845.23809524,31,833.750024228,c(477330.655533116, 4200777.82735111)
"885","885",115,115000,1000,42,914.300086456,c(477641.630034834, 4202002.34251945)
"6338","6338",111,105000,945.945945946,57,1243.88697312,c(477143.678258409, 4205984.38822248)
"2847","2847",197,200000,1015.2284264,8,852.563700638,c(479467.819890934, 4204036.79587219)
"6749","6749",70,125000,1785.71428571,8,1034.01867479,c(476977.958905552, 4206436.21092993)
"1132","1132",130,150000,1153.84615385,47,505.858156958,c(477654.332943714, 4202410.8375156)
"6958","6958",88,38000,431.818181818,53,568.613314947,c(476566.561240972, 4206676.58999967)
"8173","8173",111,90000,810.810810811,42,274.460699515,c(476501.289064004, 4208410.1024157)
"7880","7880",120,95000,791.666666667,42,623.874637516,c(477144.121869812, 4207785.94701514)
"2968","2968",60,58000,966.666666667,42,669.730859559,c(477832.353496239, 4204101.06284557)
"4246","4246",25,19000,760,46,860.874912268,c(476972.176581671, 4205092.13254226)
"1044","1044",71,65000,915.492957746,44,839.250008059,c(478053.186621853, 4202182.64387002)
"5150","5150",88,210000,2386.36363636,5,414.812191215,c(474973.600668208, 4205558.31976639)
"3132","3132",100,90000,900,51,382.287669206,c(478148.526160218, 4204282.05899129)
"3394","3394",51,38000,745.098039216,45,1044.66085225,c(477542.561256633, 4204549.65688097)
"29","29",28,25000,892.857142857,42,787.495252201,c(475349.057171667, 4200437.7902043)
"3264","3264",136,105000,772.058823529,55,377.998214744,c(476249.834190162, 4204429.68477777)
"4782","4782",66,27000,409.090909091,52,392.202289974,c(475826.215376307, 4205229.78602854)
"3835","3835",95,127000,1336.84210526,54,50.1810355312,c(476115.189010185, 4204812.08826407)
"5407","5407",100,55000,550,52,819.928812501,c(476438.206633351, 4205570.08042047)
"7440","7440",81,162000,2000,8,509.471980965,c(475649.496232341, 4207224.48434678)
"4769","4769",98,190000,1938.7755102,6,478.344121608,c(478856.504213561, 4205218.9984756)
"5342","5342",50,27000,540,45,819.928812501,c(476438.206633351, 4205570.08042047)
"1707","1707",120,360000,3000,49,416.776293826,c(477279.20918132, 4203114.08733521)
"1273","1273",106,320000,3018.86792453,57,538.037892552,c(477198.529952693, 4202618.23820836)
"253","253",96,180000,1875,6,136.134392102,c(475877.465105624, 4200906.44452051)
"1706","1706",220,440000,2000,47,416.776293826,c(477279.20918132, 4203114.08733521)
"3372","3372",61,140000,2295.08196721,13,410.960940715,c(478399.185460271, 4204532.71804153)
"116","116",48,39000,812.5,49,1008.19465658,c(475012.698324354, 4200709.41871072)
"3823","3823",47,38000,808.510638298,47,925.575266666,c(477863.490322089, 4204805.42286581)
"3762","3762",29,14000,482.75862069,47,941.438547289,c(477823.22731042, 4204787.7787062)
"5834","5834",72,134000,1861.11111111,5,354.821842741,c(475463.439195409, 4205767.10091431)
"443","443",28,12000,428.571428571,45,513.938845137,c(476482.302180474, 4201244.32238714)
"4961","4961",72,80000,1111.11111111,37,630.487716689,c(476384.127050662, 4205388.1603124)
"1941","1941",90,190000,2111.11111111,52,409.951925664,c(477375.857306631, 4203224.77448304)
"1896","1896",65,195000,3000,1,19.4412115206,c(474529.610387496, 4203179.94560201)
"416","416",36,42000,1166.66666667,1,560.899029042,c(476834.992563731, 4201179.1919036)
"4885","4885",52,39000,750,42,1135.95482531,c(477181.2913465, 4205301.58517217)
"1336","1336",59,60000,1016.94915254,40,905.370065848,c(478902.300135438, 4202702.79238062)
"3733","3733",56,30000,535.714285714,35,881.28310684,c(477875.648631116, 4204755.35011058)
"5311","5311",75,100000,1333.33333333,8,819.928812501,c(476438.206633351, 4205570.08042047)
"1767","1767",156,370000,2371.79487179,42,416.776293826,c(477279.20918132, 4203114.08733521)
"7996","7996",138,80000,579.710144928,46,356.040151962,c(475973.868593896, 4207862.40401038)
"1772","1772",68,175000,2573.52941176,49,416.776293826,c(477279.20918132, 4203114.08733521)
"3303","3303",75,75000,1000,50,615.199637814,c(479600.001237589, 4204470.2948395)
"8045","8045",112,210000,1875,13,356.040151962,c(475973.868593896, 4207862.40401038)
"6392","6392",82,79000,963.414634146,59,1243.88697312,c(477143.678258409, 4205984.38822248)
"1220","1220",72,55000,763.888888889,51,511.153535828,c(477892.426180298, 4202468.66720373)
"355","355",86,195000,2267.44186047,9,862.132568594,c(477269.915412175, 4201115.06982271)
"7062","7062",105,42000,400,49,75.3666135091,c(475972.32624731, 4206884.56916682)
"5629","5629",125,100000,800,60,819.928812501,c(476438.206633351, 4205570.08042047)
"1407","1407",83,350000,4216.86746988,4,74.0091216966,c(476599.234768155, 4202731.53897342)
"3344","3344",47,38000,808.510638298,49,825.899122114,c(477764.165464516, 4204507.22560955)
"855","855",80,135000,1687.5,4,165.253910618,c(474426.739126955, 4201955.67054871)
"304","304",85,23000,270.588235294,42,782.180029545,c(477233.224075027, 4200998.22670461)
"5498","5498",50,22000,440,57,819.928812501,c(476438.206633351, 4205570.08042047)
"5354","5354",40,35000,875,42,819.928812501,c(476438.206633351, 4205570.08042047)
"5808","5808",71,95000,1338.02816901,11,1713.1092853,c(477602.316067462, 4205727.04511451)
"3035","3035",80,65000,812.5,52,377.368009388,c(475822.418188274, 4204147.11046305)
"8196","8196",100,195000,1950,16,379.022109833,c(476712.314707222, 4208575.93305527)
"1905","1905",88,35000,397.727272727,52,394.983667311,c(474129.339724353, 4203190.62585715)
"392","392",130,125000,961.538461538,21,862.132568594,c(477269.915412175, 4201115.06982271)
"317","317",55,110000,2000,7,265.943808679,c(476220.691510239, 4201028.60417786)
"6559","6559",150,80000,533.333333333,62,622.782760956,c(476550.630981418, 4206169.79766243)
"4170","4170",70,40000,571.428571429,42,828.383257413,c(478295.579312963, 4205068.89613015)
"5891","5891",100,41000,410,44,1711.70687357,c(477728.105421383, 4205848.08697435)
"5937","5937",96,75000,781.25,49,692.649071411,c(476447.878554748, 4205850.8769444)
"7576","7576",132,330000,2500,32,403.398723384,c(476252.185532523, 4207249.90438587)
"3301","3301",100,65000,650,39,1073.22299942,c(477480.692045834, 4204466.72175401)
"1017","1017",87,70000,804.597701149,47,800.167763261,c(477718.629189544, 4202119.74414256)
"7332","7332",85,187000,2200,7,509.471980965,c(475649.496232341, 4207224.48434678)
"7782","7782",107,225000,2102.80373832,4,623.874637516,c(477144.121869812, 4207785.94701514)
"2360","2360",90,165000,1833.33333333,17,68.525875694,c(475905.805818247, 4203805.12863525)
"2625","2625",74,180000,2432.43243243,6,175.498223352,c(478646.926962875, 4204036.77563495)
"3655","3655",40,85000,2125,5,686.224644315,c(478064.013766144, 4204663.53108633)
"7728","7728",110,80000,727.272727273,41,278.725425261,c(476502.811120978, 4207622.54476581)
"5848","5848",68,41000,602.941176471,48,557.885946335,c(476086.073613954, 4205790.78566096)
"740","740",51,108000,2117.64705882,49,1003.83235996,c(477069.692456036, 4201833.15831232)
"7331","7331",54,130000,2407.40740741,11,509.471980965,c(475649.496232341, 4207224.48434678)
"2604","2604",84,135000,1607.14285714,9,175.498223352,c(478646.926962875, 4204036.77563495)
"5155","5155",90,90000,1000,46,414.812191215,c(474973.600668208, 4205558.31976639)
"3426","3426",35,17000,485.714285714,58,1044.66085225,c(477542.561256633, 4204549.65688097)
"2397","2397",113,215000,1902.65486726,47,455.004413546,c(478851.303760326, 4203843.96599663)
"3064","3064",50,80000,1600,45,715.652507758,c(477787.537782009, 4204187.39451174)
"7447","7447",70,140000,2000,8,509.471980965,c(475649.496232341, 4207224.48434678)
"3904","3904",54,65000,1203.7037037,39,88.4986595626,c(480165.24564968, 4204875.89088589)
"1301","1301",195,600000,3076.92307692,52,457.821661459,c(477258.144422741, 4202673.77185712)
"49","49",51,159000,3117.64705882,6,768.764925217,c(475335.964828819, 4200495.74691545)
"1828","1828",48,150000,3125,42,389.065532603,c(477341.070866137, 4203157.96529791)
"4525","4525",105,65000,619.047619048,37,257.035610034,c(475485.76026977, 4205155.67821275)
"2222","2222",28,17000,607.142857143,47,302.397392319,c(475303.557405914, 4203689.85852311)
"8189","8189",65,146000,2246.15384615,9,379.022109833,c(476712.314707222, 4208575.93305527)
"1351","1351",73,223000,3054.79452055,7,905.370065848,c(478902.300135438, 4202702.79238062)
"5841","5841",105,70000,666.666666667,52,1139.63753199,c(476946.358121987, 4205779.78535213)
"3794","3794",70,150000,2142.85714286,11,284.369163111,c(478793.005866361, 4204803.3080691)
"573","573",73,35000,479.452054795,44,1379.45521027,c(478108.600283114, 4201616.9687207)
"3582","3582",43,40000,930.23255814,67,194.028213483,c(475522.985722938, 4204623.65470152)
"1448","1448",70,190000,2714.28571429,39,478.498155763,c(474852.680265826, 4202823.23449226)
"6019","6019",79,130000,1645.56962025,6,1297.1000436,c(477158.970217788, 4205863.62797041)
"7755","7755",190,350000,1842.10526316,21,552.845012475,c(476892.640514531, 4207689.89817902)
"7267","7267",80,170000,2125,10,509.471980965,c(475649.496232341, 4207224.48434678)
"597","597",42,82000,1952.38095238,5,306.216483336,c(476147.379112334, 4201618.64310867)
"8162","8162",70,25000,357.142857143,47,349.99849267,c(477024.507100191, 4208233.42594637)
"5668","5668",105,120000,1142.85714286,9,1632.25647358,c(477592.886812104, 4205585.27191438)
"2217","2217",125,310000,2480,17,781.21543171,c(477501.559594752, 4203684.33169758)
"6148","6148",49,70000,1428.57142857,11,1138.55980911,c(476995.901961026, 4205883.4994045)
"5761","5761",93,140000,1505.37634409,5,1059.83129158,c(476799.862747147, 4205699.4229335)
"3214","3214",124,85000,685.483870968,55,428.570620673,c(476046.247188669, 4204385.33886915)
"4895","4895",67,80000,1194.02985075,2,947.85670033,c(478281.904314363, 4205310.25627714)
"3797","3797",68,30000,441.176470588,50,925.575266666,c(477863.490322089, 4204805.42286581)
"6661","6661",65,115000,1769.23076923,12,1888.85567327,c(477881.705711011, 4206256.98102599)
"3196","3196",75,85000,1133.33333333,41,235.054165071,c(478519.584087894, 4204368.96853483)
"5599","5599",105,80000,761.904761905,37,819.928812501,c(476438.206633351, 4205570.08042047)
"1300","1300",70,160000,2285.71428571,57,457.821661459,c(477258.144422741, 4202673.77185712)
"8177","8177",67,40000,597.014925373,57,1256.65954732,c(477903.713971673, 4208467.90229355)
"1364","1364",42,26000,619.047619048,45,905.370065848,c(478902.300135438, 4202702.79238062)
"7400","7400",72,150000,2083.33333333,7,509.471980965,c(475649.496232341, 4207224.48434678)
"3672","3672",28,11000,392.857142857,52,333.057754948,c(478762.322684085, 4204686.22031089)
"7279","7279",54,90000,1666.66666667,9,509.471980965,c(475649.496232341, 4207224.48434678)
"1741","1741",140,280000,2000,45,416.776293826,c(477279.20918132, 4203114.08733521)
"537","537",72,35000,486.111111111,45,378.054094389,c(475478.349688222, 4201519.64124612)
"1198","1198",54,60000,1111.11111111,48,505.858156958,c(477654.332943714, 4202410.8375156)
"4814","4814",99,37000,373.737373737,51,322.093278906,c(475759.90998873, 4205254.61297731)
"6892","6892",80,32000,400,41,568.657336504,c(476566.560924697, 4206676.47904655)
"977","977",60,90000,1500,13,810.180421189,c(477713.154901854, 4202109.21840852)
"2864","2864",240,350000,1458.33333333,55,85.584066039,c(478473.88769284, 4204053.53641235)
"6545","6545",68,23000,338.235294118,43,509.646682565,c(476418.308540845, 4206132.34082486)
"3359","3359",57,30000,526.315789474,52,1147.81579429,c(477419.277200239, 4204517.81773938)
"2523","2523",102,65000,637.254901961,47,510.929549356,c(476451.489673867, 4203984.07013143)
"3917","3917",72,100000,1388.88888889,6,1013.30496827,c(477823.057107729, 4204887.5264314)
"7995","7995",73,45000,616.438356164,46,356.040151962,c(475973.868593896, 4207862.40401038)
"2304","2304",35,15000,428.571428571,52,62.0969113719,c(475923.605193642, 4203765.68800179)
"4860","4860",82,240000,2926.82926829,5,1449.08074105,c(477531.284118401, 4205275.4352878)
"1742","1742",106,240000,2264.1509434,49,416.776293826,c(477279.20918132, 4203114.08733521)
"1929","1929",115,245000,2130.43478261,47,418.41148205,c(477341.1948611, 4203203.01201287)
"2122","2122",112,210000,1875,24,717.724593425,c(477285.734231722, 4203537.24548466)
"8006","8006",80,136000,1700,5,356.040151962,c(475973.868593896, 4207862.40401038)
"1337","1337",75,180000,2400,5,905.370065848,c(478902.300135438, 4202702.79238062)
"706","706",75,135000,1800,46,205.906491959,c(475983.658304301, 4201774.3426223)
"4610","4610",60,30000,500,47,257.035610034,c(475485.76026977, 4205155.67821275)
"6916","6916",48,29000,604.166666667,52,568.613314947,c(476566.561240972, 4206676.58999967)
"5350","5350",139,130000,935.251798561,37,819.928812501,c(476438.206633351, 4205570.08042047)
"4096","4096",60,65000,1083.33333333,13,407.469372382,c(475559.427874707, 4205008.22315607)
"5628","5628",131,82000,625.954198473,40,819.928812501,c(476438.206633351, 4205570.08042047)
"4","4",30,22000,733.333333333,32,917.151119187,c(475415.637610468, 4200168.64098458)
"2440","2440",76,63000,828.947368421,52,267.683975781,c(475596.616177016, 4203869.83834337)
"693","693",150,550000,3666.66666667,50,261.586872051,c(475615.297414881, 4201757.45108847)
"1171","1171",89,185000,2078.65168539,42,505.858156958,c(477654.332943714, 4202410.8375156)
"1200","1200",104,90000,865.384615385,53,505.858156958,c(477654.332943714, 4202410.8375156)
"4037","4037",80,145000,1812.5,7,635.99385895,c(478461.845497184, 4204955.17572549)
"6672","6672",60,22000,366.666666667,45,362.119098791,c(476306.960710042, 4206275.34774565)
"2077","2077",78,45000,576.923076923,55,585.962357796,c(478668.751802809, 4203444.67219748)
"4256","4256",83,55000,662.65060241,53,860.874912268,c(476972.176581671, 4205092.13254226)
"5207","5207",76,136000,1789.47368421,11,819.928812501,c(476438.206633351, 4205570.08042047)
"3552","3552",98,135000,1377.55102041,53,776.657544667,c(476915.314236383, 4204603.76291851)
"2897","2897",46,110000,2391.30434783,6,742.963866675,c(476724.983480929, 4204058.85129836)
"6520","6520",53,43000,811.320754717,32,295.499720023,c(474925.297516012, 4206071.85132316)
"863","863",80,173000,2162.5,4,206.582297643,c(474477.63450264, 4201967.71741475)
"2232","2232",70,225000,3214.28571429,38,709.019794727,c(477029.992457041, 4203691.40386536)
"1846","1846",90,110000,1222.22222222,39,308.198367024,c(477469.23671114, 4203168.93075538)
"7423","7423",33,31000,939.393939394,45,509.471980965,c(475649.496232341, 4207224.48434678)
"448","448",75,60000,800,47,436.602390741,c(476169.397181878, 4201274.40264295)
"4981","4981",70,42000,600,42,611.038155377,c(476169.074955309, 4205408.64143745)
"946","946",119,230000,1932.77310924,54,865.729104107,c(477392.937801484, 4202088.78822839)
"7616","7616",80,130000,1625,9,557.891604587,c(475904.018600244, 4207479.483516)
"4853","4853",75,175000,2333.33333333,4,1449.08074105,c(477531.284118401, 4205275.4352878)
"284","284",78,115000,1474.35897436,4,205.902814334,c(476190.72446608, 4200964.00511839)
"768","768",38,95000,2500,10,271.827200212,c(475693.759705788, 4201853.97029235)
"4817","4817",89,65000,730.337078652,47,463.836290057,c(476152.492528014, 4205261.34282363)
"4012","4012",33,43000,1303.03030303,1,741.860892242,c(474649.073125273, 4204953.06168394)
"2838","2838",50,52000,1040,37,175.498223352,c(478646.926962875, 4204036.77563495)
"1704","1704",69,250000,3623.1884058,50,416.776293826,c(477279.20918132, 4203114.08733521)
"767","767",80,68000,850,42,271.827200212,c(475693.759705788, 4201853.97029235)
"7942","7942",100,195000,1950,42,623.867479114,c(477144.209952401, 4207786.05772435)
"4636","4636",138,140000,1014.49275362,52,257.035610034,c(475485.76026977, 4205155.67821275)
"4825","4825",79,118000,1493.67088608,7,1067.03276598,c(478119.792417096, 4205265.63858494)
"6747","6747",59,20000,338.983050847,55,645.349688631,c(476587.963857308, 4206423.88677454)
"7493","7493",86,100000,1162.79069767,11,509.471980965,c(475649.496232341, 4207224.48434678)
"7626","7626",118,114000,966.101694915,32,737.181065907,c(476985.251056293, 4207504.34492366)
"7270","7270",80,100000,1250,39,509.471980965,c(475649.496232341, 4207224.48434678)
"3327","3327",50,55000,1100,47,524.72253774,c(476589.575402475, 4204491.73260051)
"4911","4911",70,25000,357.142857143,47,536.464820716,c(476163.854255392, 4205334.0955914)
"5764","5764",106,75000,707.547169811,37,1059.83129158,c(476799.862747147, 4205699.4229335)
"4901","4901",55,55000,1000,42,673.3667715,c(479772.520227598, 4205316.77662487)
"4730","4730",48,100000,2083.33333333,2,440.756771322,c(479981.764350016, 4205178.23910679)
"452","452",50,105000,2100,8,1082.66165299,c(477426.841710686, 4201287.28115374)
"1880","1880",111,350000,3153.15315315,49,308.198367024,c(477469.23671114, 4203168.93075538)
"3108","3108",76,52000,684.210526316,47,361.562762642,c(478847.052733053, 4204240.19131151)
"7140","7140",70,45000,642.857142857,47,255.667790618,c(476296.529807933, 4206950.75502241)
"1001","1001",91,100000,1098.9010989,37,806.509102766,c(477573.946683739, 4202113.36871864)
"1292","1292",60,130000,2166.66666667,50,348.820310298,c(477891.293583563, 4202668.38597213)
"5849","5849",95,55000,578.947368421,47,1292.23221798,c(477123.124340439, 4205791.38571474)
"7161","7161",109,150000,1376.14678899,11,979.805592466,c(477023.740188789, 4206954.23793594)
"7618","7618",91,175000,1923.07692308,17,737.181065907,c(476985.251056293, 4207504.34492366)
"2423","2423",69,40000,579.710144928,47,317.459502224,c(475663.077945988, 4203864.5375825)
"270","270",52,99000,1903.84615385,11,124.019590284,c(475909.639342237, 4200943.85247956)
"3928","3928",128,150000,1171.875,36,115.143100849,c(479114.544540209, 4204903.56458435)
"5543","5543",47,19000,404.255319149,47,819.928812501,c(476438.206633351, 4205570.08042047)
"4468","4468",101,110000,1089.10891089,47,257.035610034,c(475485.76026977, 4205155.67821275)
"8214","8214",65,100000,1538.46153846,5,379.022109833,c(476712.314707222, 4208575.93305527)
"363","363",50,79000,1580,13,862.132568594,c(477269.915412175, 4201115.06982271)
"7361","7361",80,130000,1625,9,509.471980965,c(475649.496232341, 4207224.48434678)
"1293","1293",235,900000,3829.78723404,57,541.938776526,c(477163.542158554, 4202670.26131118)
"3778","3778",115,320000,2782.60869565,3,21.3089942322,c(479055.961750643, 4204793.53663699)
"367","367",30,15000,500,37,862.132568594,c(477269.915412175, 4201115.06982271)
"4009","4009",60,42000,700,35,741.860892242,c(474649.073125273, 4204953.06168394)
"493","493",28,57000,2035.71428571,13,983.898318013,c(477224.655864229, 4201394.24168907)
"235","235",46,80000,1739.13043478,1,175.648919827,c(476421.813152373, 4200888.77981302)
"1504","1504",145,360000,2482.75862069,44,344.720279181,c(478354.205688269, 4202921.34994394)
"5508","5508",92,50000,543.47826087,50,819.928812501,c(476438.206633351, 4205570.08042047)
"7126","7126",54,19000,351.851851852,57,708.346698691,c(476752.54211372, 4206942.12971689)
"3430","3430",72,52000,722.222222222,47,934.353006438,c(477665.060563174, 4204551.54254896)
"1441","1441",70,150000,2142.85714286,59,378.308013123,c(477283.549177336, 4202809.06471199)
"1946","1946",121,350000,2892.56198347,47,319.149716599,c(477628.554654444, 4203235.2901645)
"5664","5664",73,135000,1849.31506849,7,453.210861129,c(475053.401479719, 4205584.48425589)
"446","446",94,180000,1914.89361702,12,540.125163356,c(476381.498228988, 4201259.03478968)
"6063","6063",37,25000,675.675675676,47,1297.1000436,c(477158.970217788, 4205863.62797041)
"7265","7265",70,160000,2285.71428571,8,509.471980965,c(475649.496232341, 4207224.48434678)
"7280","7280",68,30000,441.176470588,45,509.471980965,c(475649.496232341, 4207224.48434678)
"5105","5105",58,22000,379.310344828,49,1551.86588678,c(477543.680655957, 4205506.62895045)
"4747","4747",68,110000,1617.64705882,8,313.017443988,c(475711.641812688, 4205202.93995915)
"1841","1841",140,850000,6071.42857143,49,308.198367024,c(477469.23671114, 4203168.93075538)
"2325","2325",107,155000,1448.59813084,11,62.0969113719,c(475923.605193642, 4203765.68800179)
"5452","5452",45,18000,400,41,819.928812501,c(476438.206633351, 4205570.08042047)
"3093","3093",145,220000,1517.24137931,57,571.972739301,c(479139.169466992, 4204226.02063513)
"3610","3610",40,15000,375,47,913.215284993,c(477743.638066264, 4204644.53063046)
"5","5",71,62000,873.23943662,37,826.052058438,c(475546.676302165, 4200183.5623806)
"3701","3701",140,55000,392.857142857,47,88.9991692754,c(476174.863580228, 4204709.39393886)
"4877","4877",98,190000,1938.7755102,7,602.418920512,c(478731.38856962, 4205287.87905908)
"6357","6357",55,27000,490.909090909,49,1243.88697312,c(477143.678258409, 4205984.38822248)
"1148","1148",33,11000,333.333333333,42,505.858156958,c(477654.332943714, 4202410.8375156)
"2461","2461",60,45000,750,45,1021.48205502,c(479554.835323079, 4203891.67441941)
"6415","6415",105,56000,533.333333333,62,542.065767805,c(476380.978760222, 4206003.85237077)
"1599","1599",122,300000,2459.01639344,32,351.2136334,c(476888.443863446, 4203040.05979292)
"5811","5811",70,48000,685.714285714,42,768.637518801,c(476430.242349997, 4205732.0958733)
"239","239",68,80000,1176.47058824,27,707.771404869,c(477185.079209909, 4200901.49796463)
"7252","7252",92,100000,1086.95652174,44,509.471980965,c(475649.496232341, 4207224.48434678)
"4959","4959",110,55000,500,62,637.635921707,c(476409.05616221, 4205385.98063987)
"6988","6988",63,60000,952.380952381,6,496.876528145,c(476503.189323305, 4206710.83377548)
"5256","5256",55,31000,563.636363636,51,819.928812501,c(476438.206633351, 4205570.08042047)
"354","354",30,23000,766.666666667,43,862.132568594,c(477269.915412175, 4201115.06982271)
"6883","6883",105,60000,571.428571429,46,568.657336504,c(476566.560924697, 4206676.47904655)
"2723","2723",78,135000,1730.76923077,10,175.498223352,c(478646.926962875, 4204036.77563495)
"819","819",30,30000,1000,47,683.450485944,c(475224.991445231, 4201921.16321551)
"6191","6191",47,45000,957.446808511,47,799.273528046,c(476650.700162386, 4205948.49270122)
"5033","5033",70,35000,500,42,966.710339687,c(476882.288098895, 4205443.77518189)
"7825","7825",77,160000,2077.92207792,6,623.874637516,c(477144.121869812, 4207785.94701514)
"1054","1054",82,60000,731.707317073,40,254.583431181,c(474465.0531724, 4202215.83727565)
"6555","6555",74,75000,1013.51351351,9,260.881149094,c(476145.79304576, 4206160.08880695)
"7356","7356",76,140000,1842.10526316,8,509.471980965,c(475649.496232341, 4207224.48434678)
"7103","7103",110,70000,636.363636364,47,75.3666135091,c(475972.32624731, 4206884.56916682)
"8114","8114",60,144000,2400,9,356.040151962,c(475973.868593896, 4207862.40401038)
"985","985",106,200000,1886.79245283,54,806.509102766,c(477573.946683739, 4202113.36871864)
"7239","7239",75,100000,1333.33333333,8,509.471980965,c(475649.496232341, 4207224.48434678)
"1950","1950",233,700000,3004.29184549,53,339.433751521,c(477804.213354467, 4203239.58569293)
"7018","7018",55,64000,1163.63636364,15,635.903496027,c(476669.216971286, 4206781.03861289)
"6833","6833",80,125000,1562.5,5,645.736345797,c(475373.115736037, 4206623.27062089)
"7504","7504",58,55000,948.275862069,19,509.471980965,c(475649.496232341, 4207224.48434678)
"4697","4697",68,22000,323.529411765,50,257.035610034,c(475485.76026977, 4205155.67821275)
"4729","4729",61,135000,2213.1147541,2,440.756771322,c(479981.764350016, 4205178.23910679)
"8066","8066",80,133000,1662.5,5,356.040151962,c(475973.868593896, 4207862.40401038)
"4577","4577",116,60000,517.24137931,50,257.035610034,c(475485.76026977, 4205155.67821275)
"45","45",56,113000,2017.85714286,11,931.949412589,c(475155.85391106, 4200491.85023853)
"7613","7613",43,55000,1279.06976744,9,471.745991811,c(476054.755841094, 4207456.96299769)
"6066","6066",94,190000,2021.27659574,9,1297.1000436,c(477158.970217788, 4205863.62797041)
"1597","1597",265,630000,2377.35849057,49,264.921091344,c(477924.342629125, 4203038.10441481)
"3975","3975",80,110000,1375,8,741.860892242,c(474649.073125273, 4204953.06168394)
"5012","5012",80,120000,1500,8,966.710339687,c(476882.288098895, 4205443.77518189)
"7059","7059",40,18000,450,45,316.265961767,c(476360.582472483, 4206879.44899043)
"2946","2946",50,110000,2200,6,541.724183964,c(479040.363680495, 4204081.58839978)
"7433","7433",70,147000,2100,6,509.471980965,c(475649.496232341, 4207224.48434678)
"3843","3843",87,80000,919.540229885,53,54.3428741426,c(479127.491629583, 4204815.32374563)
"2410","2410",60,30000,500,55,317.459502224,c(475663.077945988, 4203864.5375825)
"2256","2256",52,30000,576.923076923,50,1087.19407366,c(479523.166474632, 4203763.60209674)
"7315","7315",90,140000,1555.55555556,10,509.471980965,c(475649.496232341, 4207224.48434678)
"7902","7902",98,300000,3061.2244898,9,623.874637516,c(477144.121869812, 4207785.94701514)
"4978","4978",105,70000,666.666666667,63,750.480112178,c(479761.410814418, 4205405.01195161)
"2687","2687",52,48000,923.076923077,41,175.498223352,c(478646.926962875, 4204036.77563495)
"7294","7294",54,108020,2000.37037037,10,509.471980965,c(475649.496232341, 4207224.48434678)
"3990","3990",67,110000,1641.79104478,12,741.860892242,c(474649.073125273, 4204953.06168394)
"949","949",90,84000,933.333333333,52,826.569076026,c(477716.009625861, 4202093.01152834)
"7197","7197",30,35000,1166.66666667,10,349.026715625,c(475736.988738313, 4207067.33632978)
"7805","7805",150,200000,1333.33333333,19,623.874637516,c(477144.121869812, 4207785.94701514)
"6831","6831",108,63000,583.333333333,37,306.519318134,c(476167.853221798, 4206622.70304916)
"7680","7680",56,85000,1517.85714286,31,737.181065907,c(476985.251056293, 4207504.34492366)
"2422","2422",43,28000,651.162790698,42,317.459502224,c(475663.077945988, 4203864.5375825)
"2491","2491",73,48000,657.534246575,47,697.482263928,c(479171.821899609, 4203942.78509359)
"1699","1699",145,350000,2413.79310345,57,416.776293826,c(477279.20918132, 4203114.08733521)
"7310","7310",65,150000,2307.69230769,10,509.471980965,c(475649.496232341, 4207224.48434678)
"6402","6402",53,60000,1132.0754717,12,1243.88697312,c(477143.678258409, 4205984.38822248)
"7916","7916",94,160000,1702.12765957,43,623.874637516,c(477144.121869812, 4207785.94701514)
"5805","5805",59,35000,593.220338983,35,612.570174654,c(476035.311607724, 4205725.13778935)
"5038","5038",99,60000,606.060606061,56,966.710339687,c(476882.288098895, 4205443.77518189)
"4001","4001",112,140000,1250,9,741.860892242,c(474649.073125273, 4204953.06168394)
"8048","8048",80,80000,1000,42,356.040151962,c(475973.868593896, 4207862.40401038)
"1773","1773",98,240000,2448.97959184,52,416.776293826,c(477279.20918132, 4203114.08733521)
"7664","7664",84,93000,1107.14285714,31,737.181065907,c(476985.251056293, 4207504.34492366)
"1489","1489",114,375000,3289.47368421,54,303.402249415,c(478054.046285067, 4202900.73044347)
"1900","1900",85,180000,2117.64705882,9,11.3253779441,c(474522.080920086, 4203187.51376692)
"4141","4141",70,45000,642.857142857,34,845.169085402,c(474541.446429914, 4205045.4860402)
"2260","2260",150,165000,1100,37,1087.19407366,c(479523.166474632, 4203763.60209674)
"1126","1126",115,105000,913.043478261,47,583.053936226,c(477915.516065322, 4202399.48143365)
"6607","6607",55,72000,1309.09090909,17,1687.24696829,c(477632.348529955, 4206213.49576626)
"8092","8092",100,160000,1600,37,356.040151962,c(475973.868593896, 4207862.40401038)
"3043","3043",65,30000,461.538461538,47,237.14216052,c(475207.532755994, 4204172.35211052)
"4065","4065",97,295000,3041.2371134,3,398.12600524,c(479844.8380388, 4204981.63081109)
"6376","6376",95,110000,1157.89473684,35,1243.88697312,c(477143.678258409, 4205984.38822248)
"4716","4716",72,80000,1111.11111111,37,404.145743116,c(480054.008952889, 4205171.29562228)
